date,parameter,units,value_min,value_mean,value_max,value_std
01/01/18,OZONE,PPB,23.0,28.770833333333332,34.0,2.8040540826178098
01/01/18,PM10,UG/M3,-1.0,7.958333333333333,16.0,3.9834349025920335
01/01/18,PM2.5,UG/M3,-3.5,6.870329670329668,14.7,3.6837404274902252
01/01/19,OZONE,PPB,0.0,18.458333333333332,49.0,9.410986487434073
01/01/19,PM10,UG/M3,2.0,9.041666666666666,28.0,5.645153108923478
01/01/19,PM2.5,UG/M3,0.2,6.796666666666668,19.4,3.657338273840652
01/02/18,OZONE,PPB,6.0,18.41304347826087,28.0,4.49212295662413
01/02/18,PM10,UG/M3,6.0,13.5,22.0,4.916697371557279
01/02/18,PM2.5,UG/M3,-0.8,9.602083333333335,19.8,3.580180438480272
01/02/19,OZONE,PPB,4.0,16.24468085106383,25.0,5.772918179365692
01/02/19,PM10,UG/M3,9.0,11.583333333333334,20.0,3.1611316997538093
01/02/19,PM2.5,UG/M3,-4.2,8.171428571428569,13.9,3.2021746545371017
01/03/18,OZONE,PPB,0.0,8.24468085106383,20.0,4.816383710584775
01/03/18,PM10,UG/M3,11.0,26.5,67.0,19.11058046513202
01/03/18,PM2.5,UG/M3,0.2,13.322105263157894,30.4,4.615070297546388
01/03/19,OZONE,PPB,0.0,15.184782608695652,37.0,8.238117447153858
01/03/19,PM10,UG/M3,8.0,13.166666666666666,20.0,3.8748539009391294
01/03/19,PM2.5,UG/M3,-1.6,7.479831932773106,17.3,3.3505774820229806
01/04/18,OZONE,PPB,0.0,16.041666666666668,30.0,10.617678075704607
01/04/18,PM10,UG/M3,2.0,18.541666666666668,46.0,11.154952757160952
01/04/18,PM2.5,UG/M3,-4.4,8.6609375,17.5,3.565980205118704
01/04/19,OZONE,PPB,0.0,5.67741935483871,15.0,4.245614848499005
01/04/19,PM10,UG/M3,10.0,19.25,31.0,7.985040360900964
01/04/19,PM2.5,UG/M3,2.8,12.269827586206898,45.0,5.26567589001741
01/05/18,OZONE,PPB,18.0,25.635416666666668,36.0,4.604619629222871
01/05/18,PM10,UG/M3,4.0,7.833333333333333,12.0,2.407717061715384
01/05/18,PM2.5,UG/M3,-1.6,8.714583333333335,16.1,3.364037687615854
01/05/19,OZONE,PPB,0.0,11.520833333333334,30.0,8.755123813085463
01/05/19,PM10,UG/M3,4.0,13.625,28.0,8.376013890607643
01/05/19,PM2.5,UG/M3,-0.3,9.016666666666667,20.2,4.090537005968638
01/06/18,OZONE,PPB,19.0,26.57608695652174,34.0,3.7010057903882485
01/06/18,PM10,UG/M3,3.0,7.916666666666667,12.0,2.0412414523193148
01/06/18,PM2.5,UG/M3,-4.9,7.165425531914894,18.4,4.008497168587572
01/06/19,OZONE,PPB,3.0,19.96875,41.0,9.12077227224237
01/06/19,PM10,UG/M3,4.0,14.583333333333334,24.0,7.756717518813397
01/06/19,PM2.5,UG/M3,-1.1,10.445833333333335,21.1,4.281558968282412
01/07/18,OZONE,PPB,5.0,23.260416666666668,30.0,6.003936939369853
01/07/18,PM10,UG/M3,1.0,11.25,26.0,7.908443479020985
01/07/18,PM2.5,UG/M3,-4.9,8.514062500000003,21.7,3.7965208868437488
01/07/19,OZONE,PPB,6.0,25.054347826086957,33.0,5.736645515263901
01/07/19,PM10,UG/M3,3.0,6.75,12.0,2.8930200858948947
01/07/19,PM2.5,UG/M3,-2.0,5.475630252100841,13.0,2.967135421225431
01/08/18,OZONE,PPB,0.0,6.967391304347826,22.0,4.827692750760734
01/08/18,PM10,UG/M3,15.0,25.625,37.0,7.02054438617554
01/08/18,PM2.5,UG/M3,0.1,11.772395833333341,75.6,6.079191053375279
01/08/19,OZONE,PPB,0.0,11.760416666666666,27.0,9.058575223936671
01/08/19,PM10,UG/M3,8.0,30.208333333333332,84.0,25.320517830178865
01/08/19,PM2.5,UG/M3,-0.4,8.4793893129771,31.3,5.960701011397027
01/09/18,OZONE,PPB,0.0,10.260416666666666,33.0,11.428721705622262
01/09/18,PM10,UG/M3,11.0,23.166666666666668,32.0,6.176157991521255
01/09/18,PM2.5,UG/M3,-3.7,15.877604166666659,45.1,5.8897967048697515
01/09/19,OZONE,PPB,0.0,14.13978494623656,39.0,10.304696478716226
01/09/19,PM10,UG/M3,5.0,13.208333333333334,45.0,9.0792604883048
01/09/19,PM2.5,UG/M3,-0.4,7.457792207792212,29.7,4.748426398685119
01/10/18,OZONE,PPB,0.0,9.666666666666666,25.0,7.10917371268933
01/10/18,PM10,UG/M3,6.0,14.458333333333334,25.0,5.30773976842077
01/10/18,PM2.5,UG/M3,-4.6,10.60104166666666,21.3,4.00181882186982
01/10/19,OZONE,PPB,8.0,21.197916666666668,30.0,6.30057606667278
01/10/19,PM10,UG/M3,4.0,6.625,9.0,1.5551457362156014
01/10/19,PM2.5,UG/M3,-1.7,6.100602409638555,27.3,4.335442335098445
01/11/18,OZONE,PPB,0.0,1.6458333333333333,15.0,2.4665303423685185
01/11/18,PM10,UG/M3,11.0,32.5,90.0,20.15830208269394
01/11/18,PM2.5,UG/M3,-4.9,15.397969543147207,43.6,7.735433706762713
01/11/19,OZONE,PPB,20.0,28.804347826086957,37.0,4.3151639863782565
01/11/19,PM10,UG/M3,7.0,8.583333333333334,10.0,1.2481870911416904
01/11/19,PM2.5,UG/M3,-0.4,7.634131736526945,19.3,3.1251365744631014
01/12/18,OZONE,PPB,0.0,9.804347826086957,30.0,9.550604526559693
01/12/18,PM10,UG/M3,9.0,19.541666666666668,37.0,8.717693984408786
01/12/18,PM2.5,UG/M3,-2.7,7.624607329842928,39.7,4.899706943733707
01/12/19,OZONE,PPB,13.0,24.03125,31.0,4.0612498076331125
01/12/19,PM10,UG/M3,5.0,7.75,12.0,1.7997584378973217
01/12/19,PM2.5,UG/M3,0.0,7.3148809523809515,14.2,2.47264410055678
01/13/18,OZONE,PPB,0.0,20.166666666666668,31.0,9.531848737305749
01/13/18,PM10,UG/M3,-1.0,5.608695652173913,21.0,5.483356059557807
01/13/18,PM2.5,UG/M3,-4.8,5.8168604651162825,24.8,5.041210928887915
01/13/19,OZONE,PPB,15.0,25.25,36.0,4.924696090008738
01/13/19,PM10,UG/M3,8.0,12.416666666666666,17.0,2.5861952356891873
01/13/19,PM2.5,UG/M3,-1.8,7.168452380952378,18.1,2.8261638984588955
01/14/18,OZONE,PPB,20.0,27.291666666666668,34.0,3.0224307633588956
01/14/18,PM10,UG/M3,3.0,6.166666666666667,10.0,1.9927404479142845
01/14/18,PM2.5,UG/M3,0.2,6.814880952380951,15.7,2.8869029025889197
01/14/19,OZONE,PPB,10.0,22.440860215053764,36.0,5.722690089519314
01/14/19,PM10,UG/M3,11.0,13.666666666666666,19.0,2.1602468994692865
01/14/19,PM2.5,UG/M3,2.1,8.294642857142861,13.5,2.2847911349547556
01/15/18,OZONE,PPB,8.0,21.895833333333332,32.0,5.252526543266517
01/15/18,PM10,UG/M3,7.0,10.375,15.0,2.0812308231261705
01/15/18,PM2.5,UG/M3,0.0,7.7452380952381,18.6,2.973491858940725
01/15/19,OZONE,PPB,0.0,11.09375,27.0,7.421275425920293
01/15/19,PM10,UG/M3,13.0,19.291666666666668,27.0,3.7239432894699673
01/15/19,PM2.5,UG/M3,5.1,11.724999999999998,29.7,2.95231057386429
01/16/18,OZONE,PPB,0.0,6.840425531914893,21.0,5.440396869397066
01/16/18,PM10,UG/M3,11.0,20.958333333333332,43.0,9.611945315784064
01/16/18,PM2.5,UG/M3,-3.6,11.757309941520461,31.4,4.249261778496908
01/16/19,OZONE,PPB,0.0,6.053763440860215,21.0,7.178418124456004
01/16/19,PM10,UG/M3,10.0,29.541666666666668,49.0,10.778316262258931
01/16/19,PM2.5,UG/M3,0.3,15.21049382716049,39.6,5.40606523911124
01/17/18,OZONE,PPB,0.0,4.362637362637362,14.0,4.334657447740846
01/17/18,PM10,UG/M3,8.0,15.666666666666666,20.0,2.8539319431675105
01/17/18,PM2.5,UG/M3,3.2,13.25497382198953,29.0,3.4683476840140806
01/17/19,OZONE,PPB,7.0,21.52173913043478,33.0,7.335714623000295
01/17/19,PM10,UG/M3,8.0,12.625,20.0,3.669053900086387
01/17/19,PM2.5,UG/M3,-3.6,6.410975609756098,19.7,3.103530785544873
01/18/18,OZONE,PPB,2.0,18.053763440860216,30.0,6.42746415510586
01/18/18,PM10,UG/M3,12.0,27.916666666666668,45.0,9.815323719070346
01/18/18,PM2.5,UG/M3,5.4,12.293229166666661,43.2,4.224982541502804
01/18/19,OZONE,PPB,0.0,9.208333333333334,26.0,6.331070694625899
01/18/19,PM10,UG/M3,10.0,20.458333333333332,39.0,8.371687101626305
01/18/19,PM2.5,UG/M3,-1.1,10.342857142857143,22.8,5.093127592558465
01/19/18,OZONE,PPB,0.0,11.260416666666666,22.0,7.311483097684032
01/19/18,PM10,UG/M3,19.0,31.291666666666668,44.0,8.888092506595392
01/19/18,PM2.5,UG/M3,6.1,14.997395833333341,23.3,2.7792694602265535
01/19/19,OZONE,PPB,0.0,13.145833333333334,28.0,7.7960572581228424
01/19/19,PM10,UG/M3,15.0,21.875,30.0,4.26627319290757
01/19/19,PM2.5,UG/M3,4.2,10.208333333333329,22.1,3.513471365747008
01/20/18,OZONE,PPB,0.0,15.15625,37.0,12.222781253828746
01/20/18,PM10,UG/M3,12.0,20.875,34.0,5.674600158295011
01/20/18,PM2.5,UG/M3,3.3,11.155729166666669,19.8,3.4107112598390703
01/20/19,OZONE,PPB,3.0,21.916666666666668,31.0,5.884263879493235
01/20/19,PM10,UG/M3,6.0,11.583333333333334,23.0,4.717374607597515
01/20/19,PM2.5,UG/M3,-3.2,5.7786585365853655,19.5,4.245846259507584
01/21/18,OZONE,PPB,0.0,17.010416666666668,39.0,12.059933482985508
01/21/18,PM10,UG/M3,17.0,23.166666666666668,42.0,5.753385896614473
01/21/18,PM2.5,UG/M3,4.5,14.678645833333333,21.2,2.5892068040056713
01/21/19,OZONE,PPB,27.0,31.09375,35.0,1.6863421954040037
01/21/19,PM10,UG/M3,8.0,12.041666666666666,17.0,2.544886888520258
01/21/19,PM2.5,UG/M3,-1.4,7.527380952380949,18.7,3.2608309139260587
01/22/18,OZONE,PPB,0.0,7.840425531914893,29.0,9.091297021734887
01/22/18,PM10,UG/M3,28.0,39.125,47.0,4.561774063749281
01/22/18,PM2.5,UG/M3,11.7,20.86510416666668,39.9,6.621690598066859
01/22/19,OZONE,PPB,1.0,25.67142857142857,33.0,7.383336955352458
01/22/19,PM10,UG/M3,6.0,10.722222222222221,18.0,4.041047557190724
01/22/19,PM2.5,UG/M3,1.2,8.203174603174602,31.2,3.248702793619299
01/23/18,OZONE,PPB,0.0,16.86813186813187,34.0,9.135047030480152
01/23/18,PM10,UG/M3,3.0,15.5,31.0,7.757184608057117
01/23/18,PM2.5,UG/M3,-2.2,9.398437499999998,24.1,5.207852272722666
01/23/19,OZONE,PPB,0.0,11.052083333333334,26.0,7.842354361403504
01/23/19,PM10,UG/M3,10.0,18.958333333333332,31.0,6.209944105795272
01/23/19,PM2.5,UG/M3,1.7,7.156547619047623,15.4,3.1349419553776614
01/24/18,OZONE,PPB,2.0,18.989247311827956,31.0,7.526033980177124
01/24/18,PM10,UG/M3,3.0,7.041666666666667,13.0,2.5448868885202574
01/24/18,PM2.5,UG/M3,-2.0,5.700000000000001,14.9,2.971647326095047
01/24/19,OZONE,PPB,0.0,18.26086956521739,35.0,10.27198212702712
01/24/19,PM10,UG/M3,4.0,15.125,27.0,7.6857434366437865
01/24/19,PM2.5,UG/M3,-3.1,5.857485029940119,20.0,4.047331519903387
01/25/18,OZONE,PPB,18.0,27.520833333333332,36.0,4.080709862567561
01/25/18,PM10,UG/M3,1.0,5.833333333333333,14.0,3.4092797488321636
01/25/18,PM2.5,UG/M3,-0.8,5.554736842105262,15.2,2.827726232269882
01/25/19,OZONE,PPB,7.0,24.979166666666668,35.0,6.205225585053579
01/25/19,PM10,UG/M3,6.0,11.375,17.0,3.385551140027149
01/25/19,PM2.5,UG/M3,-2.7,8.473214285714286,14.9,2.850159638648811
01/26/18,OZONE,PPB,1.0,16.822916666666668,31.0,7.947187243781241
01/26/18,PM10,UG/M3,3.0,12.166666666666666,31.0,8.721122118998952
01/26/18,PM2.5,UG/M3,-2.7,6.70208333333333,13.9,3.12903910000407
01/26/19,OZONE,PPB,9.0,25.382978723404257,33.0,4.9905424166562975
01/26/19,PM10,UG/M3,11.0,14.166666666666666,18.0,2.4077170617153842
01/26/19,PM2.5,UG/M3,1.9,8.118238993710696,12.4,2.0179841848658286
01/27/18,OZONE,PPB,1.0,15.90625,30.0,7.752864496090257
01/27/18,PM10,UG/M3,9.0,16.5,26.0,5.3649425621950675
01/27/18,PM2.5,UG/M3,2.7,8.005208333333337,16.5,2.413915582211892
01/27/19,OZONE,PPB,0.0,15.65625,42.0,13.812144255957088
01/27/19,PM10,UG/M3,15.0,17.541666666666668,22.0,1.9776834640705192
01/27/19,PM2.5,UG/M3,2.4,8.801388888888884,15.0,2.2463641520581437
01/28/18,OZONE,PPB,3.0,17.114583333333332,31.0,6.817731976122675
01/28/18,PM10,UG/M3,3.0,9.083333333333334,14.0,3.063340981839027
01/28/18,PM2.5,UG/M3,-1.7,8.039583333333331,13.6,2.797342761809966
01/28/19,OZONE,PPB,2.0,25.1625,36.0,6.163271673512291
01/28/19,PM10,UG/M3,10.0,14.833333333333334,20.0,3.002414487312368
01/28/19,PM2.5,UG/M3,-4.7,9.455319148936173,16.2,3.0722124538680804
01/29/18,OZONE,PPB,1.0,16.010752688172044,31.0,8.333398784221696
01/29/18,PM10,UG/M3,5.0,11.416666666666666,20.0,4.148511169990535
01/29/18,PM2.5,UG/M3,-0.3,8.628042328042326,20.3,3.720501979158487
01/29/19,OZONE,PPB,0.0,10.027027027027026,33.0,8.161004794725555
01/29/19,PM10,UG/M3,15.0,21.75,34.0,5.431390245600108
01/29/19,PM2.5,UG/M3,-4.6,10.614379084967315,18.7,3.3504206000820873
01/30/18,OZONE,PPB,5.0,18.528089887640448,26.0,4.634578257856055
01/30/18,PM10,UG/M3,-2.0,7.333333333333333,16.0,4.668736600974118
01/30/18,PM2.5,UG/M3,-3.2,6.868947368421051,16.5,3.1567570841324732
01/30/19,OZONE,PPB,4.0,21.78481012658228,35.0,7.702265544290715
01/30/19,PM10,UG/M3,10.0,25.041666666666668,62.0,14.426663619437647
01/30/19,PM2.5,UG/M3,3.2,9.250000000000004,18.7,3.234562599422192
01/31/18,OZONE,PPB,8.0,22.52127659574468,30.0,5.165494955735214
01/31/18,PM10,UG/M3,1.0,9.75,25.0,6.745368781616021
01/31/18,PM2.5,UG/M3,-2.8,5.526041666666667,18.5,2.863646296845692
01/31/19,OZONE,PPB,15.0,24.493333333333332,35.0,4.762957669953175
01/31/19,PM10,UG/M3,17.0,34.875,58.0,9.918417212438687
01/31/19,PM2.5,UG/M3,-0.2,8.676363636363636,20.1,3.056657885328012
02/01/18,OZONE,PPB,0.0,10.114583333333334,24.0,7.386858589722792
02/01/18,PM10,UG/M3,6.0,22.0,48.0,13.075034292082389
02/01/18,PM2.5,UG/M3,-3.7,8.376041666666671,20.8,3.863217463595556
02/01/19,OZONE,PPB,3.0,18.0,27.0,4.4896885605559
02/01/19,PM10,UG/M3,18.0,31.208333333333332,45.0,9.050482411676073
02/01/19,PM2.5,UG/M3,3.2,9.387500000000005,22.6,2.351358060895644
02/02/18,OZONE,PPB,0.0,17.385416666666668,31.0,11.934355354157098
02/02/18,PM10,UG/M3,-1.0,14.625,32.0,9.959974244772008
02/02/18,PM2.5,UG/M3,-4.3,8.65052083333333,22.0,4.943820484590525
02/02/19,OZONE,PPB,2.0,12.621052631578948,29.0,7.029086904425524
02/02/19,PM10,UG/M3,20.0,30.958333333333332,43.0,6.36894071232426
02/02/19,PM2.5,UG/M3,5.4,11.791666666666671,22.8,3.5191080910490697
02/03/18,OZONE,PPB,12.0,23.489583333333332,30.0,4.528261643144302
02/03/18,PM10,UG/M3,2.0,10.208333333333334,21.0,6.143070798922938
02/03/18,PM2.5,UG/M3,-3.5,6.939062500000001,14.7,3.076593811828967
02/03/19,OZONE,PPB,0.0,9.416666666666666,34.0,8.776363791657042
02/03/19,PM10,UG/M3,31.0,42.75,51.0,4.664854720697891
02/03/19,PM2.5,UG/M3,5.9,20.732727272727264,36.6,6.023299918389722
02/04/18,OZONE,PPB,0.0,16.197916666666668,34.0,7.291840850049878
02/04/18,PM10,UG/M3,-1.0,11.708333333333334,20.0,4.768366475070861
02/04/18,PM2.5,UG/M3,-0.7,6.890052356020946,15.8,2.740563810102663
02/04/19,OZONE,PPB,0.0,3.4393939393939394,17.0,4.527280684502607
02/04/19,PM10,UG/M3,28.0,46.35294117647059,78.0,17.999795750475162
02/04/19,PM2.5,UG/M3,10.7,19.0563025210084,43.6,6.087617867239695
02/05/18,OZONE,PPB,0.0,17.93548387096774,38.0,12.885622634829756
02/05/18,PM10,UG/M3,-2.0,7.541666666666667,13.0,3.120467727854225
02/05/18,PM2.5,UG/M3,-3.1,7.215104166666664,17.5,3.452388351475922
02/06/18,OZONE,PPB,0.0,11.074468085106384,28.0,8.34116538839777
02/06/18,PM10,UG/M3,5.0,13.666666666666666,24.0,6.818559497664326
02/06/18,PM2.5,UG/M3,-1.5,7.9900523560209455,14.8,3.1777773591950758
02/07/18,OZONE,PPB,0.0,10.052083333333334,27.0,7.73014576245312
02/07/18,PM10,UG/M3,5.0,12.625,20.0,4.670094496762957
02/07/18,PM2.5,UG/M3,1.7,9.59166666666667,19.6,3.5356869239841933
02/08/18,OZONE,PPB,3.0,26.46808510638298,37.0,9.0526561511265
02/08/18,PM10,UG/M3,-1.0,7.708333333333333,13.0,3.276784832817027
02/08/18,PM2.5,UG/M3,-1.6,8.13645833333333,30.1,3.5625927317161565
02/09/18,OZONE,PPB,7.0,20.882978723404257,34.0,6.430532650689636
02/09/18,PM10,UG/M3,9.0,20.25,39.0,8.152086956057964
02/09/18,PM2.5,UG/M3,0.2,12.457591623036652,49.5,4.5795233561138895
02/10/18,OZONE,PPB,0.0,8.854166666666666,35.0,9.483480558780723
02/10/18,PM10,UG/M3,14.0,24.25,38.0,7.004656836084431
02/10/18,PM2.5,UG/M3,3.5,13.365104166666667,31.4,4.667037244152563
02/11/18,OZONE,PPB,0.0,1.4375,14.0,3.032499403393008
02/11/18,PM10,UG/M3,-2.0,10.625,27.0,7.499637672407335
02/11/18,PM2.5,UG/M3,-3.1,9.66,29.2,5.357542277878845
02/12/18,OZONE,PPB,0.0,16.543478260869566,35.0,12.360352286560197
02/12/18,PM10,UG/M3,3.0,10.590909090909092,18.0,3.8749389046992104
02/12/18,PM2.5,UG/M3,-1.0,7.639520958083835,19.7,3.578802352067031
02/13/18,OZONE,PPB,18.0,29.829787234042552,38.0,4.381383632471484
02/13/18,PM10,UG/M3,1.0,10.458333333333334,21.0,4.863163817808379
02/13/18,PM2.5,UG/M3,0.0,6.823563218390804,11.4,2.2733354970411868
02/14/18,OZONE,PPB,1.0,13.0625,31.0,6.839225102305084
02/14/18,PM10,UG/M3,10.0,21.083333333333332,33.0,7.174330246981499
02/14/18,PM2.5,UG/M3,1.8,8.115104166666665,17.1,3.03134255494617
02/15/18,OZONE,PPB,0.0,1.4479166666666667,10.0,1.7821913871273416
02/15/18,PM10,UG/M3,19.0,30.208333333333332,41.0,6.540703104517836
02/15/18,PM2.5,UG/M3,7.0,14.052083333333336,28.0,4.136378747751667
02/16/18,OZONE,PPB,0.0,9.659574468085106,33.0,11.746015743156525
02/16/18,PM10,UG/M3,3.0,15.375,52.0,13.130821690239706
02/16/18,PM2.5,UG/M3,-0.3,8.200000000000005,29.4,4.049846484066108
02/17/18,OZONE,PPB,17.0,30.604166666666668,41.0,4.919304971589867
02/17/18,PM10,UG/M3,2.0,7.833333333333333,17.0,3.583375463183411
02/17/18,PM2.5,UG/M3,-3.5,5.783769633507854,12.5,2.6650957184981623
02/18/18,OZONE,PPB,2.0,22.239583333333332,42.0,12.35845739962094
02/18/18,PM10,UG/M3,4.0,8.375,14.0,2.916407856012032
02/18/18,PM2.5,UG/M3,-1.1,7.486979166666668,15.4,2.6004806723589375
02/19/18,OZONE,PPB,0.0,12.864583333333334,38.0,12.267732421761155
02/19/18,PM10,UG/M3,8.0,19.291666666666668,30.0,4.408284361800263
02/19/18,PM2.5,UG/M3,2.0,9.598958333333337,25.3,3.380371267185598
02/20/18,OZONE,PPB,0.0,5.206521739130435,25.0,5.731229359095238
02/20/18,PM10,UG/M3,12.0,24.75,52.0,11.014812161654039
02/20/18,PM2.5,UG/M3,5.1,11.719270833333338,33.5,4.147868119496626
02/21/18,OZONE,PPB,0.0,8.43010752688172,33.0,10.404219304500382
02/21/18,PM10,UG/M3,8.0,27.3125,53.0,15.009857871856529
02/21/18,PM2.5,UG/M3,-0.2,12.370879120879115,30.2,5.4121898731360645
02/22/18,OZONE,PPB,0.0,21.043478260869566,36.0,6.654607663368921
02/22/18,PM2.5,UG/M3,-3.4,4.391515151515152,17.6,3.5608372210349715
02/23/18,OZONE,PPB,3.0,19.75,33.0,6.538952113056197
02/23/18,PM2.5,UG/M3,-2.4,4.8030303030303045,10.3,2.084039939297786
02/24/18,OZONE,PPB,0.0,9.854166666666666,22.0,5.452144274776893
02/24/18,PM2.5,UG/M3,0.0,6.5355421686746995,16.5,3.216925222334181
02/25/18,OZONE,PPB,1.0,17.979166666666668,31.0,7.859260935745825
02/25/18,PM2.5,UG/M3,-4.0,5.04285714285714,17.1,3.8528249442877516
02/26/18,OZONE,PPB,0.0,14.741935483870968,35.0,11.187049214436628
02/26/18,PM2.5,UG/M3,0.7,7.828220858895706,54.6,4.970710623147197
02/27/18,OZONE,PPB,1.0,20.489583333333332,42.0,11.075810334300764
02/27/18,PM2.5,UG/M3,-2.7,5.5082802547770715,14.5,3.0900784527307246
02/28/18,OZONE,PPB,0.0,17.24468085106383,36.0,8.93788140951742
02/28/18,PM2.5,UG/M3,0.2,5.805844155844155,16.9,3.1133328507575517
03/01/18,OZONE,PPB,0.0,15.835164835164836,43.0,12.152058569334148
03/01/18,PM2.5,UG/M3,0.1,11.441614906832294,28.4,4.334679327906093
03/02/18,OZONE,PPB,19.0,31.708333333333332,46.0,6.902198988524811
03/02/18,PM2.5,UG/M3,-0.2,6.247560975609756,52.7,7.223296081748464
03/03/18,OZONE,PPB,23.0,32.114583333333336,38.0,3.5802669458447878
03/03/18,PM2.5,UG/M3,-1.5,4.437579617834396,13.6,2.4877240657424635
03/04/18,OZONE,PPB,26.0,33.0625,41.0,3.1815669757295137
03/04/18,PM2.5,UG/M3,-1.8,3.3426666666666667,17.3,2.2426119319679283
03/05/18,OZONE,PPB,16.0,29.4468085106383,38.0,4.77587355354983
03/05/18,PM2.5,UG/M3,0.1,3.393939393939396,9.7,1.9077089109681886
03/06/18,OZONE,PPB,3.0,25.604395604395606,41.0,7.976185555736274
03/06/18,PM2.5,UG/M3,0.3,4.618902439024391,11.1,2.0085880069925994
03/07/18,OZONE,PPB,17.0,31.541666666666668,43.0,5.471296712781919
03/07/18,PM2.5,UG/M3,-3.6,2.716149068322982,7.1,1.9184271103275594
03/08/18,OZONE,PPB,13.0,25.34375,34.0,4.569528652417352
03/08/18,PM2.5,UG/M3,-1.4,4.805952380952381,12.4,2.4461555412218963
03/09/18,OZONE,PPB,12.0,25.72340425531915,36.0,5.348910562012776
03/09/18,PM2.5,UG/M3,-0.1,5.722289156626506,35.9,3.1083148802316654
03/10/18,OZONE,PPB,21.0,29.729166666666668,41.0,6.815584566451813
03/10/18,PM2.5,UG/M3,1.1,5.277380952380952,12.3,1.9051365293132247
03/11/18,OZONE,PPB,22.0,35.020833333333336,43.0,4.803461836429546
03/11/18,PM2.5,UG/M3,-0.2,4.575,11.0,2.0535568675795743
03/12/18,OZONE,PPB,3.0,26.27173913043478,37.0,7.946390791580661
03/12/18,PM2.5,UG/M3,-2.8,4.21265060240964,9.7,2.1378315744739615
03/13/18,OZONE,PPB,17.0,30.595744680851062,40.0,5.594388795804891
03/13/18,PM2.5,UG/M3,-1.6,3.252694610778442,9.9,2.131174639942639
03/14/18,OZONE,PPB,18.0,30.239583333333332,37.0,3.956991924141277
03/14/18,PM2.5,UG/M3,-1.6,4.7044692737430145,10.5,1.8322890831315222
03/15/18,OZONE,PPB,22.0,33.0,46.0,6.152191671720851
03/15/18,PM2.5,UG/M3,0.6,6.256770833333338,18.2,3.5947104813308517
03/16/18,OZONE,PPB,21.0,32.489583333333336,41.0,4.296864932205112
03/16/18,PM2.5,UG/M3,1.1,7.4999999999999964,16.6,2.760894725001241
03/17/18,OZONE,PPB,26.0,35.583333333333336,45.0,5.1148219430173665
03/17/18,PM2.5,UG/M3,-1.9,4.642408376963352,11.2,2.280058277356082
03/18/18,OZONE,PPB,16.0,36.58888888888889,47.0,6.62459571705941
03/18/18,PM2.5,UG/M3,-0.9,4.086904761904763,10.2,2.294005714557028
03/19/18,OZONE,PPB,0.0,26.736263736263737,46.0,14.925619410065188
03/19/18,PM2.5,UG/M3,-0.6,5.575595238095236,13.1,2.6261124708279846
03/20/18,OZONE,PPB,9.0,24.537634408602152,38.0,5.758847899168698
03/20/18,PM2.5,UG/M3,-0.8,4.444370860927153,9.6,2.060214738373629
03/21/18,OZONE,PPB,11.0,30.177083333333332,40.0,6.126722815350825
03/21/18,PM2.5,UG/M3,-1.8,4.910191082802546,11.2,2.0310785537389826
03/22/18,OZONE,PPB,14.0,33.322916666666664,45.0,6.92135488967095
03/22/18,PM2.5,UG/M3,1.3,5.436309523809526,10.8,1.877073323794989
03/23/18,OZONE,PPB,10.0,31.25,42.0,7.371352800216744
03/23/18,PM2.5,UG/M3,0.9,5.011976047904189,11.8,1.9825079162457475
03/24/18,OZONE,PPB,23.0,36.578947368421055,47.0,6.278261968750926
03/24/18,PM2.5,UG/M3,-1.9,3.9833333333333343,13.8,2.2284407337401664
03/25/18,OZONE,PPB,22.0,34.541666666666664,44.0,4.608725515496988
03/25/18,PM2.5,UG/M3,-0.7,4.7723958333333325,11.5,2.1237175963114954
03/26/18,OZONE,PPB,3.0,30.03191489361702,45.0,11.78339649052403
03/26/18,PM10,UG/M3,11.0,20.0,30.0,6.27162924074226
03/26/18,PM2.5,UG/M3,0.9,5.604102564102564,16.4,2.5220641991190327
03/27/18,OZONE,PPB,0.0,22.477272727272727,39.0,11.097247533569604
03/27/18,PM10,UG/M3,10.0,20.458333333333332,27.0,3.9670289689614955
03/27/18,PM2.5,UG/M3,-2.3,4.970833333333331,15.2,2.4840198572400323
03/28/18,OZONE,PPB,0.0,13.885416666666666,33.0,7.147866507849393
03/28/18,PM10,UG/M3,9.0,23.208333333333332,49.0,11.609513215524984
03/28/18,PM2.5,UG/M3,-4.0,8.188780487804879,29.3,4.709504467460369
03/29/18,OZONE,PPB,0.0,6.333333333333333,36.0,9.021222541338334
03/29/18,PM10,UG/M3,24.0,36.666666666666664,49.0,6.1620625193804734
03/29/18,PM2.5,UG/M3,2.4,12.87761904761905,28.5,4.755799687495055
03/30/18,OZONE,PPB,0.0,13.212765957446809,34.0,10.64770391769177
03/30/18,PM10,UG/M3,17.0,35.333333333333336,48.0,8.380649981812095
03/30/18,PM2.5,UG/M3,-3.5,10.813366336633663,32.8,7.86570549536128
03/31/18,OZONE,PPB,27.0,35.180851063829785,43.0,3.674857223347333
03/31/18,PM2.5,UG/M3,-2.3,3.707894736842106,11.1,2.4903179265114783
04/01/18,OZONE,PPB,16.0,33.53125,43.0,5.48481756161593
04/01/18,PM2.5,UG/M3,0.3,4.552083333333332,13.7,2.065471773583328
04/02/18,OZONE,PPB,15.0,34.7,45.0,7.1586358627695486
04/02/18,PM2.5,UG/M3,-3.3,4.2192708333333355,11.0,2.362489034758527
04/03/18,OZONE,PPB,0.0,16.604395604395606,44.0,13.101212090557048
04/03/18,PM2.5,UG/M3,-1.5,5.531746031746031,16.8,3.4041663488880403
04/04/18,OZONE,PPB,0.0,21.78125,45.0,15.106083211739566
04/04/18,PM2.5,UG/M3,-4.1,6.194086021505373,43.4,7.232996274440751
04/05/18,OZONE,PPB,32.0,40.05434782608695,46.0,2.910247640362757
04/05/18,PM2.5,UG/M3,-2.6,3.8782608695652177,10.8,1.8798805965428376
04/06/18,OZONE,PPB,3.0,30.782608695652176,49.0,11.397730723586868
04/06/18,PM2.5,UG/M3,0.3,6.194767441860466,14.0,2.4820352084549073
04/07/18,OZONE,PPB,1.0,36.322916666666664,47.0,12.71840340167426
04/07/18,PM2.5,UG/M3,-1.3,5.883928571428569,24.7,5.176401200070273
04/08/18,OZONE,PPB,15.0,36.5625,45.0,4.328151422587024
04/08/18,PM2.5,UG/M3,0.1,3.4732142857142865,9.0,1.861281292447505
04/09/18,OZONE,PPB,24.0,35.0531914893617,42.0,4.759522478253681
04/09/18,PM2.5,UG/M3,-2.1,4.610778443113772,11.0,2.086243812644524
04/10/18,OZONE,PPB,8.0,28.66304347826087,45.0,9.683198515603943
04/10/18,PM2.5,UG/M3,0.3,8.577976190476189,25.5,4.424488543739401
04/11/18,OZONE,PPB,1.0,30.260416666666668,50.0,12.747131600289052
04/11/18,PM2.5,UG/M3,2.0,6.511560693641618,13.9,2.0749010604216895
04/12/18,OZONE,PPB,2.0,23.612903225806452,50.0,14.401111263027522
04/12/18,PM2.5,UG/M3,-2.9,11.95928143712575,22.1,3.4096100135370886
04/13/18,OZONE,PPB,18.0,38.927083333333336,74.0,12.533109658791718
04/13/18,PM2.5,UG/M3,6.3,14.549397590361439,25.1,3.9233063821522514
04/14/18,OZONE,PPB,3.0,32.58510638297872,72.0,17.755453243469574
04/14/18,PM2.5,UG/M3,5.8,17.895238095238096,30.9,4.081428796489719
04/15/18,OZONE,PPB,34.0,42.40625,47.0,2.9328560716206495
04/15/18,PM2.5,UG/M3,-2.2,6.409523809523809,20.8,3.318812970380199
04/16/18,OZONE,PPB,11.0,37.43010752688172,53.0,8.670787850295612
04/16/18,PM2.5,UG/M3,-4.9,2.771710526315791,16.4,5.917505937886468
04/17/18,OZONE,PPB,17.0,26.021505376344088,31.0,2.96713335020615
04/17/18,PM2.5,UG/M3,-3.9,2.1233532934131736,12.8,2.2692535290820053
04/18/18,OZONE,PPB,19.0,30.652173913043477,38.0,4.997658314527167
04/18/18,PM2.5,UG/M3,-3.9,3.0265060240963857,8.3,1.9351663830964305
04/19/18,OZONE,PPB,8.0,23.40625,41.0,7.640030483543482
04/19/18,PM2.5,UG/M3,-2.2,4.756315789473684,15.3,3.0883013781680826
04/20/18,OZONE,PPB,27.0,36.903225806451616,43.0,3.4232723860207206
04/20/18,PM2.5,UG/M3,-4.5,3.243750000000001,14.8,2.128382740252616
04/21/18,OZONE,PPB,24.0,38.202127659574465,54.0,8.614291435153817
04/21/18,PM2.5,UG/M3,-1.3,3.0027173913043477,15.1,2.3528945565011687
04/22/18,OZONE,PPB,15.0,41.520833333333336,57.0,10.42565577053137
04/22/18,PM2.5,UG/M3,-0.9,4.07736842105263,12.7,2.2216261314137804
04/23/18,OZONE,PPB,0.0,30.739583333333332,61.0,18.891515662727752
04/23/18,PM2.5,UG/M3,1.1,11.271354166666661,42.3,7.111988421564269
04/24/18,OZONE,PPB,0.0,31.945652173913043,57.0,19.293775190678907
04/24/18,PM2.5,UG/M3,-3.3,5.395081967213115,17.1,3.520134842080808
04/25/18,OZONE,PPB,8.0,36.365591397849464,52.0,10.720546046115448
04/25/18,PM2.5,UG/M3,-4.5,2.537499999999999,15.4,2.796652223856622
04/26/18,OZONE,PPB,0.0,28.705263157894738,55.0,19.11325355260536
04/26/18,PM2.5,UG/M3,-2.8,4.88342541436464,33.7,4.956875290522747
04/27/18,OZONE,PPB,7.0,27.28125,48.0,8.945099363985785
04/27/18,PM2.5,UG/M3,-2.2,4.2072916666666655,11.1,2.349478934842896
04/28/18,OZONE,PPB,0.0,29.458333333333332,59.0,17.145149178437528
04/28/18,PM2.5,UG/M3,-0.5,7.412500000000001,36.7,5.740874844399379
04/29/18,OZONE,PPB,26.0,35.458333333333336,52.0,6.312755119041328
04/29/18,PM2.5,UG/M3,-2.9,3.9901041666666646,14.5,3.2895289991445456
04/30/18,OZONE,PPB,22.0,34.483870967741936,42.0,3.658263139874032
04/30/18,PM2.5,UG/M3,-2.0,2.822043010752687,19.2,2.2649856793961862
05/01/18,OZONE,PPB,2.0,33.916666666666664,71.0,22.1979926388172
05/01/18,PM2.5,UG/M3,-0.4,6.710416666666672,21.7,2.987144503738128
05/02/18,OZONE,PPB,2.0,45.72,71.0,18.900564842124467
05/02/18,PM2.5,UG/M3,1.8,10.625252525252522,21.4,3.3431601037124303
05/03/18,OZONE,PPB,9.0,43.875,66.0,16.400736414246083
05/03/18,PM2.5,UG/M3,5.6,14.135265700483094,31.9,4.079996526023217
05/04/18,OZONE,PPB,0.0,28.818181818181817,61.0,14.170292967938343
05/04/18,PM2.5,UG/M3,6.3,11.823958333333332,21.6,3.2333421605284234
05/05/18,OZONE,PPB,20.0,49.37894736842105,61.0,6.998752088413535
05/05/18,PM2.5,UG/M3,-3.1,5.155263157894738,20.7,5.230056469209702
05/06/18,OZONE,PPB,13.0,34.010416666666664,54.0,10.779605296618106
05/06/18,PM2.5,UG/M3,0.9,6.31937172774869,12.4,2.2099039329052648
05/07/18,OZONE,PPB,23.0,40.50574712643678,57.0,8.914155926883929
05/07/18,PM2.5,UG/M3,-0.4,7.331249999999996,14.5,2.307729443250675
05/08/18,OZONE,PPB,9.0,43.08510638297872,58.0,10.857492903018564
05/08/18,PM2.5,UG/M3,-3.0,5.637172774869108,14.9,3.0239274508305374
05/09/18,OZONE,PPB,5.0,31.4875,60.0,14.49661134563278
05/09/18,PM2.5,UG/M3,-4.0,6.476616915422887,20.0,3.76616522440432
05/10/18,OZONE,PPB,16.0,29.989583333333332,41.0,5.445412925557123
05/10/18,PM2.5,UG/M3,-3.6,1.752525252525253,10.1,2.693434146096592
05/11/18,OZONE,PPB,0.0,30.51851851851852,53.0,14.828276291524165
05/11/18,PM2.5,UG/M3,-3.7,5.766310160427807,15.2,4.1572179451008155
05/12/18,OZONE,PPB,11.0,32.31645569620253,55.0,10.683733506402739
05/12/18,PM2.5,UG/M3,-0.7,4.726178010471202,14.6,2.4859702224871603
05/13/18,OZONE,PPB,8.0,23.0,41.0,7.179720544476237
05/13/18,PM2.5,UG/M3,-2.7,2.602645502645504,11.4,2.034187428926745
05/14/18,OZONE,PPB,6.0,24.870588235294118,38.0,8.47656185256358
05/14/18,PM2.5,UG/M3,-1.6,4.421693121693122,15.9,3.2280033501731413
05/15/18,OZONE,PPB,0.0,26.46875,80.0,20.651979961151163
05/15/18,PM2.5,UG/M3,1.9,10.441145833333332,23.6,5.297764493428896
05/16/18,OZONE,PPB,8.0,25.635416666666668,44.0,7.060818189754777
05/16/18,PM2.5,UG/M3,-4.4,5.480729166666667,18.1,3.492758925342323
05/17/18,OZONE,PPB,1.0,18.302083333333332,39.0,10.078763282181283
05/17/18,PM2.5,UG/M3,-0.6,6.734375,30.8,5.699128768266035
05/18/18,OZONE,PPB,0.0,18.302083333333332,39.0,16.06900893787834
05/18/18,PM2.5,UG/M3,-0.1,6.2423280423280465,25.7,4.298491432345013
05/19/18,OZONE,PPB,13.0,28.096774193548388,38.0,5.821744315269289
05/19/18,PM2.5,UG/M3,-4.1,1.7153846153846162,12.3,2.2682737650806546
05/20/18,OZONE,PPB,0.0,17.9375,44.0,14.82232491174963
05/20/18,PM2.5,UG/M3,-2.8,4.606315789473686,16.1,2.7195475240797333
05/21/18,OZONE,PPB,10.0,33.95744680851064,59.0,12.636280667587414
05/21/18,PM2.5,UG/M3,-1.8,3.5293478260869584,11.1,2.6275770818339192
05/22/18,OZONE,PPB,0.0,19.21875,41.0,11.5313788147134
05/22/18,PM2.5,UG/M3,-3.4,5.610000000000004,21.4,3.708242642015688
05/23/18,OZONE,PPB,0.0,20.13978494623656,48.0,16.242450686428924
05/23/18,PM2.5,UG/M3,-1.6,5.504591836734697,19.9,3.6956008965247524
05/24/18,OZONE,PPB,18.0,42.32258064516129,76.0,17.000103126491926
05/24/18,PM2.5,UG/M3,-4.3,6.891666666666672,24.1,3.7247381190936406
05/25/18,OZONE,PPB,14.0,46.729166666666664,84.0,17.14365260268078
05/25/18,PM2.5,UG/M3,-3.5,8.82786885245902,22.3,3.936144058420612
05/26/18,OZONE,PPB,23.0,48.197916666666664,85.0,15.238883638948218
05/26/18,PM2.5,UG/M3,2.2,12.377604166666666,21.5,3.285900147549893
05/27/18,OZONE,PPB,1.0,32.40625,52.0,13.779143755385487
05/27/18,PM2.5,UG/M3,-4.4,9.17978723404255,24.8,7.036605279410796
05/28/18,OZONE,PPB,14.0,22.864583333333332,29.0,3.7630329079967764
05/28/18,PM2.5,UG/M3,-4.1,2.244848484848484,11.3,3.282239829761669
05/29/18,OZONE,PPB,0.0,28.382978723404257,77.0,26.065717765768575
05/29/18,PM2.5,UG/M3,-0.4,9.391176470588233,30.5,5.651619985571887
05/30/18,OZONE,PPB,1.0,24.144144144144143,57.0,12.88187369689169
05/30/18,PM2.5,UG/M3,-4.8,5.530097087378641,19.5,5.283057779612406
05/31/18,OZONE,PPB,6.0,23.35,37.0,7.42769063944468
05/31/18,PM2.5,UG/M3,-4.4,5.1677083333333345,13.5,3.744203052836825
06/01/18,OZONE,PPB,1.0,15.533333333333333,40.0,8.760044255033192
06/01/18,PM2.5,UG/M3,-4.4,7.077083333333334,25.7,5.908242164970066
06/02/18,OZONE,PPB,0.0,31.915254237288135,60.0,16.15288932963681
06/02/18,PM2.5,UG/M3,-4.0,8.02408376963351,21.2,3.750851983679445
06/03/18,OZONE,PPB,14.0,23.319327731092436,51.0,7.520517441976441
06/03/18,PM2.5,UG/M3,-3.5,2.2305263157894752,13.8,3.3564775465460563
06/04/18,OZONE,PPB,4.0,24.353448275862068,40.0,7.130161666982128
06/04/18,PM2.5,UG/M3,-4.8,1.1443820224719101,9.9,3.0855224008265867
06/05/18,OZONE,PPB,0.0,24.158333333333335,53.0,16.624369999225493
06/05/18,PM2.5,UG/M3,-4.0,4.416842105263157,14.8,2.871503952371008
06/06/18,OZONE,PPB,-1.0,21.810344827586206,36.0,7.223047403492757
06/06/18,PM2.5,UG/M3,-1.8,3.5121693121693127,12.9,2.6368925241554426
06/07/18,OZONE,PPB,7.0,23.425,36.0,6.918083112364277
06/07/18,PM2.5,UG/M3,-2.3,2.779558011049723,9.8,2.4196583374987344
06/08/18,OZONE,PPB,3.0,28.466666666666665,60.0,16.347555689790823
06/08/18,PM2.5,UG/M3,-1.1,5.31842105263158,15.4,4.0729235799905865
06/09/18,OZONE,PPB,0.0,39.61864406779661,78.0,15.612245627402526
06/09/18,PM2.5,UG/M3,0.0,9.943386243386247,21.7,5.118543796825667
06/10/18,OZONE,PPB,6.0,30.933333333333334,60.0,9.884826954558621
06/10/18,PM2.5,UG/M3,-2.2,6.825263157894742,21.8,5.887848996314135
06/11/18,OZONE,PPB,2.0,27.04385964912281,50.0,13.127280485153031
06/11/18,PM2.5,UG/M3,-2.4,3.4213903743315504,11.9,2.6094065144283785
06/12/18,OZONE,PPB,-1.0,24.78813559322034,46.0,13.90250035613729
06/12/18,PM2.5,UG/M3,-1.4,3.6518518518518532,12.7,2.440757481668009
06/13/18,OZONE,PPB,6.0,26.419642857142858,48.0,7.370061660549988
06/13/18,PM2.5,UG/M3,-1.5,4.173958333333334,14.8,3.235414141715379
06/14/18,OZONE,PPB,16.0,38.5,49.0,6.7425651553358845
06/14/18,PM2.5,UG/M3,-3.3,4.484491978609626,18.1,4.354261925739661
06/15/18,OZONE,PPB,16.0,30.783333333333335,49.0,6.9259994070974935
06/15/18,PM2.5,UG/M3,-4.4,2.4521505376344077,9.4,2.3711374164071968
06/15/19,PM2.5,UG/M3,1.9,7.855555555555556,11.6,3.2630932836463282
06/16/18,OZONE,PPB,2.0,28.491666666666667,59.0,16.013647453403753
06/16/18,PM2.5,UG/M3,-3.7,5.200523560209425,14.5,3.2921996707080834
06/16/19,PM2.5,UG/M3,6.7,9.326315789473686,11.9,1.4098235134871624
06/17/18,OZONE,PPB,4.0,42.28333333333333,90.0,23.035662280357336
06/17/18,PM2.5,UG/M3,0.1,9.294240837696336,23.5,3.8889612095083113
06/17/19,OZONE,PPB,7.0,24.15277777777778,39.0,6.796145805460377
06/17/19,PM10,UG/M3,12.0,16.473684210526315,24.0,3.1687435479247323
06/17/19,PM2.5,UG/M3,-3.9,6.51338028169014,17.2,3.2349647607503194
06/18/18,OZONE,PPB,15.0,49.43103448275862,86.0,19.34187803386893
06/18/18,PM2.5,UG/M3,5.5,13.547643979057598,32.8,5.5743002580878995
06/18/19,OZONE,PPB,4.0,29.75,48.0,10.244382285967886
06/18/19,PM10,UG/M3,12.0,18.75,36.0,6.215338669984821
06/18/19,PM2.5,UG/M3,-2.6,8.678947368421053,23.3,4.293008829717228
06/19/18,OZONE,PPB,17.0,36.88392857142857,68.0,8.870180366971114
06/19/18,PM2.5,UG/M3,-4.9,6.753714285714287,29.2,6.41019082942328
06/19/19,OZONE,PPB,10.0,29.627659574468087,41.0,6.08361812717341
06/19/19,PM10,UG/M3,8.0,13.75,20.0,3.193063133405451
06/19/19,PM2.5,UG/M3,-3.2,2.8868852459016403,11.1,2.7962971243482446
06/20/18,OZONE,PPB,4.0,32.70434782608696,77.0,14.251484325921663
06/20/18,PM2.5,UG/M3,-2.8,3.803664921465969,11.8,2.998725549080874
06/20/19,OZONE,PPB,4.0,21.397435897435898,42.0,8.000551512791136
06/20/19,PM10,UG/M3,5.0,14.291666666666666,29.0,7.12301332587408
06/20/19,PM2.5,UG/M3,-2.9,4.158857142857145,19.4,4.774118304244546
06/21/18,OZONE,PPB,12.0,38.95,79.0,15.581636465980818
06/21/18,PM2.5,UG/M3,-1.4,6.258288770053468,18.9,3.0154036913056728
06/21/19,OZONE,PPB,6.0,21.652173913043477,38.0,8.450245535862749
06/21/19,PM10,UG/M3,7.0,11.333333333333334,16.0,2.5650945684180018
06/21/19,PM2.5,UG/M3,-3.6,2.5532608695652184,11.9,2.9230738775001615
06/22/18,OZONE,PPB,22.0,39.12931034482759,67.0,8.375461230558454
06/22/18,PM2.5,UG/M3,-2.7,5.687894736842102,18.2,4.570854387325293
06/22/19,OZONE,PPB,20.0,24.805555555555557,30.0,2.2619877142472107
06/22/19,PM10,UG/M3,7.0,9.458333333333334,11.0,1.141287094417552
06/22/19,PM2.5,UG/M3,-4.4,1.4436170212765955,7.0,1.9933342669010061
06/23/18,OZONE,PPB,20.0,30.6218487394958,40.0,4.25658332914361
06/23/18,PM2.5,UG/M3,-2.8,2.676470588235295,22.1,3.0112838602552103
06/23/19,OZONE,PPB,22.0,29.375,44.0,6.774927887979617
06/23/19,PM10,UG/M3,8.0,9.25,11.0,0.9890707100936811
06/23/19,PM2.5,UG/M3,-4.7,1.9550264550264542,8.5,1.9948440520124882
06/24/18,OZONE,PPB,4.0,26.15,56.0,14.182276784420614
06/24/18,PM2.5,UG/M3,0.1,7.947643979057591,33.0,4.183775957440319
06/24/19,OZONE,PPB,5.0,34.656716417910445,69.0,17.289471519348496
06/24/19,PM10,UG/M3,10.0,14.958333333333334,21.0,3.5689380550213685
06/24/19,PM2.5,UG/M3,-2.5,6.512105263157895,23.1,3.744514264735566
06/25/18,OZONE,PPB,14.0,29.486725663716815,43.0,6.93479199946569
06/25/18,PM2.5,UG/M3,-3.3,3.1181818181818173,12.3,3.0072655584113996
06/25/19,OZONE,PPB,4.0,27.930555555555557,56.0,14.17628091327487
06/25/19,PM10,UG/M3,12.0,21.416666666666668,43.0,7.276625272907683
06/25/19,PM2.5,UG/M3,-1.1,10.357446808510637,26.9,5.301165029086035
06/26/18,OZONE,PPB,0.0,26.291666666666668,45.0,9.853887031819188
06/26/18,PM2.5,UG/M3,-2.5,3.748691099476439,15.5,2.8607849242866243
06/26/19,OZONE,PPB,7.0,40.077922077922075,77.0,20.253502772922904
06/26/19,PM10,UG/M3,11.0,18.083333333333332,30.0,6.4397992587311
06/26/19,PM2.5,UG/M3,-4.3,7.376063829787236,18.5,4.718414425534401
06/27/18,OZONE,PPB,3.0,29.53846153846154,41.0,6.876419554433408
06/27/18,PM2.5,UG/M3,-4.4,1.8533707865168538,7.8,2.209101585835943
06/27/19,OZONE,PPB,5.0,42.96875,77.0,16.67172401339907
06/27/19,PM10,UG/M3,9.0,15.590909090909092,30.0,5.359984816157342
06/27/19,PM2.5,UG/M3,-3.6,6.040740740740743,14.2,3.840404106823097
06/28/18,OZONE,PPB,8.0,31.576271186440678,54.0,10.069338055855223
06/28/18,PM2.5,UG/M3,-4.1,5.0449197860962505,25.8,4.128137564519338
06/28/19,OZONE,PPB,5.0,42.4375,104.0,27.627146260993285
06/28/19,PM10,UG/M3,11.0,17.833333333333332,25.0,4.565148377670205
06/28/19,PM2.5,UG/M3,-3.2,6.9884210526315815,16.8,3.8065069089956594
06/29/18,OZONE,PPB,1.0,33.05172413793103,99.0,20.32383258429725
06/29/18,PM2.5,UG/M3,-4.5,6.388770053475935,27.3,4.363636651141386
06/29/19,OZONE,PPB,30.0,50.40625,82.0,11.82555495526531
06/29/19,PM10,UG/M3,15.0,21.375,32.0,4.381904489662198
06/29/19,PM2.5,UG/M3,-0.3,11.028947368421052,29.7,5.700928537325429
06/30/18,OZONE,PPB,1.0,47.67226890756302,111.0,23.03869598317235
06/30/18,PM2.5,UG/M3,-2.0,8.948437500000004,32.6,3.7775858182011373
06/30/19,OZONE,PPB,25.0,34.510416666666664,47.0,4.4224184659210275
06/30/19,PM10,UG/M3,9.0,14.041666666666666,18.0,2.6123314036160954
06/30/19,PM2.5,UG/M3,-3.6,4.006382978723402,13.3,2.74733934529599
07/01/18,OZONE,PPB,13.0,50.458333333333336,113.0,23.10076423245018
07/01/18,PM2.5,UG/M3,-0.2,17.727604166666676,34.1,4.314825106061519
07/01/19,OZONE,PPB,9.0,26.261363636363637,53.0,13.043247531389541
07/01/19,PM10,UG/M3,7.0,10.041666666666666,13.0,2.2932636069615926
07/01/19,PM2.5,UG/M3,-3.0,1.9058510638297872,10.2,2.303547094882392
07/02/18,OZONE,PPB,2.0,49.54237288135593,108.0,27.546586512839365
07/02/18,PM2.5,UG/M3,9.3,21.15989583333332,39.0,5.900138075372831
07/02/19,OZONE,PPB,5.0,36.41935483870968,78.0,18.80814034022246
07/02/19,PM10,UG/M3,11.0,16.291666666666668,23.0,3.223273608247241
07/02/19,PM2.5,UG/M3,0.3,6.410215053763439,30.6,3.842543211452575
07/03/18,OZONE,PPB,1.0,28.791304347826088,86.0,19.380083669081387
07/03/18,PM2.5,UG/M3,-4.1,19.37391304347826,54.8,9.213536840277534
07/03/19,OZONE,PPB,4.0,39.90625,91.0,17.90682206076191
07/03/19,PM10,UG/M3,14.0,19.5,29.0,4.596785266097242
07/03/19,PM2.5,UG/M3,1.3,11.104188481675394,20.9,3.6470439718638907
07/04/18,OZONE,PPB,1.0,27.672268907563026,77.0,17.26371193843252
07/04/18,PM2.5,UG/M3,-0.4,12.90425531914894,32.0,6.240456498001366
07/04/19,OZONE,PPB,1.0,47.958333333333336,85.0,23.656273972154057
07/04/19,PM10,UG/M3,15.0,31.958333333333332,50.0,11.315549773063026
07/04/19,PM2.5,UG/M3,-1.4,16.246327683615824,36.1,8.232419323305916
07/05/18,OZONE,PPB,3.0,15.025,41.0,9.294854906403458
07/05/18,PM2.5,UG/M3,-3.9,7.545212765957445,75.8,11.382857382945547
07/05/19,OZONE,PPB,28.0,46.708333333333336,67.0,8.211566510806785
07/05/19,PM10,UG/M3,17.0,26.75,69.0,12.466476786897767
07/05/19,PM2.5,UG/M3,-3.7,13.495953757225438,87.7,13.409951001339055
07/06/18,OZONE,PPB,6.0,17.893805309734514,34.0,8.23902173442507
07/06/18,PM2.5,UG/M3,-1.7,3.274999999999999,44.7,4.51246527489607
07/06/19,OZONE,PPB,13.0,36.8125,63.0,12.700031081603072
07/06/19,PM10,UG/M3,11.0,19.208333333333332,26.0,4.190871722816321
07/06/19,PM2.5,UG/M3,-3.4,6.889189189189187,44.6,5.057505388238001
07/07/18,OZONE,PPB,21.0,31.56779661016949,48.0,7.871270723071709
07/07/18,PM2.5,UG/M3,-4.4,0.7096590909090905,10.2,2.1370655174734408
07/07/19,OZONE,PPB,20.0,31.054347826086957,43.0,5.485974385158082
07/07/19,PM10,UG/M3,11.0,19.130434782608695,27.0,6.210726409176648
07/07/19,PM2.5,UG/M3,-0.8,6.774594594594601,19.0,3.8748286039195627
07/08/18,OZONE,PPB,1.0,34.825,64.0,15.75423779188829
07/08/18,PM2.5,UG/M3,-1.7,3.9901041666666672,12.3,2.373270875559374
07/08/19,OZONE,PPB,2.0,19.967741935483872,47.0,10.332990236955938
07/08/19,PM10,UG/M3,15.0,21.791666666666668,34.0,4.78202400905604
07/08/19,PM2.5,UG/M3,-4.5,5.935602094240839,31.3,3.783856224151258
07/09/18,OZONE,PPB,5.0,40.62931034482759,97.0,23.44819643473628
07/09/18,PM2.5,UG/M3,-0.1,5.1348958333333306,12.9,3.0492949986992888
07/09/19,OZONE,PPB,2.0,33.03225806451613,79.0,21.544923548606242
07/09/19,PM10,UG/M3,12.0,18.416666666666668,24.0,3.658422880287965
07/09/19,PM2.5,UG/M3,-4.4,8.163636363636359,17.9,4.268988401786138
07/10/18,OZONE,PPB,10.0,52.141666666666666,98.0,22.89629371986747
07/10/18,PM2.5,UG/M3,2.5,8.652604166666665,17.7,3.0922963712637963
07/10/19,OZONE,PPB,0.0,35.145833333333336,81.0,25.70643137495143
07/10/19,PM10,UG/M3,14.0,25.25,32.0,3.948031980840471
07/10/19,PM2.5,UG/M3,-0.4,13.068421052631574,23.0,4.123741126692815
07/11/18,OZONE,PPB,18.0,41.64102564102564,74.0,10.625653357973782
07/11/18,PM2.5,UG/M3,-1.3,10.650785340314133,23.7,3.596809538143311
07/11/19,OZONE,PPB,16.0,35.989583333333336,61.0,11.174684539681804
07/11/19,PM10,UG/M3,12.0,24.583333333333332,37.0,6.781795752099029
07/11/19,PM2.5,UG/M3,-2.6,8.341052631578949,21.8,5.371677533231567
07/12/18,OZONE,PPB,4.0,37.504273504273506,70.0,17.219988351363718
07/12/18,PM2.5,UG/M3,-0.9,7.608900523560211,19.4,3.948893828529671
07/12/19,OZONE,PPB,12.0,30.580645161290324,54.0,11.816828991118115
07/12/19,PM10,UG/M3,9.0,14.25,19.0,2.8779521704941824
07/12/19,PM2.5,UG/M3,-4.9,3.3832402234636865,14.6,4.017776315403855
07/13/18,OZONE,PPB,1.0,32.23728813559322,71.0,20.278689907827047
07/13/18,PM2.5,UG/M3,1.8,8.452083333333334,23.7,3.3277188755189586
07/13/19,OZONE,PPB,19.0,36.0,61.0,12.98176859250979
07/13/19,PM10,UG/M3,12.0,14.833333333333334,19.0,1.6061476099435992
07/13/19,PM2.5,UG/M3,-4.2,5.749479166666667,12.3,2.8528666100698894
07/14/18,OZONE,PPB,18.0,42.075,74.0,15.651757760980178
07/14/18,PM2.5,UG/M3,0.5,6.997395833333332,14.3,2.468427544828148
07/14/19,OZONE,PPB,20.0,41.04347826086956,65.0,9.353747610565485
07/14/19,PM10,UG/M3,12.0,16.73913043478261,21.0,2.397297556233379
07/14/19,PM2.5,UG/M3,-1.7,8.013586956521733,23.4,4.396444187029446
07/15/18,OZONE,PPB,13.0,40.208333333333336,69.0,13.202301704934763
07/15/18,PM2.5,UG/M3,-3.2,7.593717277486907,24.5,4.308224973804229
07/15/19,OZONE,PPB,10.0,29.404255319148938,58.0,12.15342701254115
07/15/19,PM10,UG/M3,9.0,12.0,15.0,1.6151457061744967
07/15/19,PM2.5,UG/M3,-4.1,2.9101190476190477,14.0,2.482119045453437
07/16/18,OZONE,PPB,11.0,44.53846153846154,92.0,22.37013806222655
07/16/18,PM2.5,UG/M3,-3.9,13.028571428571427,29.0,5.447811250072215
07/16/19,OZONE,PPB,3.0,37.510416666666664,84.0,26.141716929748295
07/16/19,PM10,UG/M3,13.0,22.25,48.0,7.990483470163524
07/16/19,PM2.5,UG/M3,0.3,8.446774193548388,21.8,4.0928963276310615
07/17/18,OZONE,PPB,9.0,35.41525423728814,68.0,12.542117946518584
07/17/18,PM2.5,UG/M3,-4.7,11.262777777777771,25.0,6.3164945953184946
07/17/19,OZONE,PPB,9.0,44.6875,88.0,20.42872719326493
07/17/19,PM10,UG/M3,15.0,29.130434782608695,41.0,8.05269208416487
07/17/19,PM2.5,UG/M3,1.0,14.320634920634927,30.4,5.104852470313679
07/18/18,OZONE,PPB,4.0,26.504273504273506,51.0,8.55572396785951
07/18/18,PM2.5,UG/M3,-4.2,3.435135135135134,11.0,2.597805953046288
07/18/19,OZONE,PPB,2.0,22.677777777777777,45.0,10.087067900359692
07/18/19,PM10,UG/M3,8.0,13.636363636363637,24.0,3.9345291307244734
07/18/19,PM2.5,UG/M3,-4.7,4.532530120481928,22.0,5.846783284149885
07/19/18,OZONE,PPB,4.0,34.567796610169495,69.0,17.081743547569893
07/19/18,PM2.5,UG/M3,0.1,3.9281249999999996,13.6,2.242110221660232
07/19/19,OZONE,PPB,0.0,32.229166666666664,83.0,21.728699995829754
07/19/19,PM10,UG/M3,10.0,21.416666666666668,37.0,7.626707459098367
07/19/19,PM2.5,UG/M3,-1.9,7.408602150537639,21.1,5.08480844814962
07/20/18,OZONE,PPB,1.0,33.675,58.0,14.81491554782124
07/20/18,PM2.5,UG/M3,-1.7,5.701587301587301,23.0,3.5567059256480604
07/20/19,OZONE,PPB,13.0,42.791666666666664,74.0,13.359732637307934
07/20/19,PM10,UG/M3,15.0,20.208333333333332,25.0,3.322900339562814
07/20/19,PM2.5,UG/M3,0.8,12.505208333333329,26.4,4.407463203878479
07/21/18,OZONE,PPB,15.0,34.791666666666664,43.0,5.96050845687059
07/21/18,PM2.5,UG/M3,-2.1,2.382446808510639,7.4,1.9065775177999271
07/21/19,OZONE,PPB,8.0,41.03125,64.0,9.959341687185214
07/21/19,PM10,UG/M3,16.0,18.916666666666668,22.0,1.7672544824662635
07/21/19,PM2.5,UG/M3,1.8,12.040625000000004,23.5,3.795411341516081
07/22/18,OZONE,PPB,17.0,27.05,37.0,4.208534745714042
07/22/18,PM2.5,UG/M3,-3.6,3.78842105263158,14.9,3.1991190307801003
07/22/19,OZONE,PPB,14.0,36.255319148936174,63.0,12.710960616315427
07/22/19,PM10,UG/M3,7.0,16.5,29.0,6.290088822211047
07/22/19,PM2.5,UG/M3,-4.2,5.072677595628411,17.8,3.888616373028227
07/23/18,OZONE,PPB,10.0,19.76068376068376,38.0,5.730513566456106
07/23/18,PM2.5,UG/M3,-4.3,5.858333333333334,33.4,3.5659606586436725
07/23/19,OZONE,PPB,9.0,20.225806451612904,31.0,5.962070387873489
07/23/19,PM10,UG/M3,4.0,7.458333333333333,11.0,2.1054621854815525
07/23/19,PM2.5,UG/M3,-4.5,0.3258823529411765,7.3,2.4731530286735257
07/24/18,OZONE,PPB,7.0,18.966101694915253,25.0,3.66534289248418
07/24/18,PM2.5,UG/M3,0.9,5.24819277108434,14.2,2.4894132907797895
07/24/19,OZONE,PPB,7.0,27.760416666666668,55.0,11.46963477752559
07/24/19,PM10,UG/M3,7.0,11.041666666666666,15.0,2.612331403616096
07/24/19,PM2.5,UG/M3,-3.4,2.9111702127659584,14.7,2.7395172518185973
07/25/18,OZONE,PPB,12.0,21.724137931034484,33.0,4.156893084978253
07/25/18,PM2.5,UG/M3,-3.0,3.457594936708861,8.0,1.7695331819472662
07/25/19,OZONE,PPB,1.0,31.591397849462364,68.0,17.460039194599528
07/25/19,PM10,UG/M3,12.0,17.5,43.0,6.6398009399182385
07/25/19,PM2.5,UG/M3,-0.2,6.722105263157891,16.0,2.598562034076866
07/26/18,OZONE,PPB,14.0,32.675,67.0,13.64074623996771
07/26/18,PM2.5,UG/M3,-3.8,2.973885350318472,12.9,3.189790333452432
07/26/19,OZONE,PPB,0.0,32.0,80.0,25.059088066744206
07/26/19,PM10,UG/M3,14.0,31.291666666666668,124.0,28.485662551790725
07/26/19,PM2.5,UG/M3,1.3,8.432275132275125,28.6,3.392257393207645
07/27/18,OZONE,PPB,0.0,32.62280701754386,65.0,15.06586738931804
07/27/18,PM2.5,UG/M3,-1.9,11.456874999999998,21.5,3.7639572023011523
07/27/19,OZONE,PPB,3.0,42.239583333333336,78.0,15.527052651262819
07/27/19,PM10,UG/M3,17.0,27.375,38.0,5.670767910578969
07/27/19,PM2.5,UG/M3,-0.8,8.476315789473679,16.2,3.4910038739447895
07/28/18,OZONE,PPB,0.0,34.5625,88.0,26.958374345802476
07/28/18,PM2.5,UG/M3,-0.5,8.507692307692306,17.6,3.1552343481875744
07/28/19,OZONE,PPB,28.0,46.84375,74.0,13.234188679325973
07/28/19,PM10,UG/M3,16.0,19.958333333333332,29.0,2.789408019894055
07/28/19,PM2.5,UG/M3,1.6,9.635416666666668,29.5,3.7485488757181034
07/29/18,OZONE,PPB,21.0,33.447916666666664,56.0,7.39398018542491
07/29/18,PM2.5,UG/M3,-3.6,5.128472222222225,13.1,2.95811467066735
07/29/19,OZONE,PPB,12.0,49.09574468085106,84.0,17.872348528176314
07/29/19,PM10,UG/M3,11.0,23.875,36.0,8.173725136600547
07/29/19,PM2.5,UG/M3,0.7,14.12459016393443,54.7,9.22775297504621
07/30/18,OZONE,PPB,1.0,25.636363636363637,50.0,13.590553851439177
07/30/18,PM2.5,UG/M3,-2.9,6.882978723404258,15.6,3.194592695853607
07/30/19,OZONE,PPB,12.0,47.8936170212766,88.0,17.806890103653082
07/30/19,PM10,UG/M3,27.0,31.75,39.0,3.3394870733457664
07/30/19,PM2.5,UG/M3,5.1,20.90797872340426,58.4,9.382187592503959
07/31/18,OZONE,PPB,1.0,31.47457627118644,62.0,16.831854143898802
07/31/18,PM2.5,UG/M3,-4.3,6.020129870129867,13.2,3.3186220439521597
07/31/19,OZONE,PPB,4.0,42.175824175824175,83.0,17.124766604471755
07/31/19,PM10,UG/M3,15.0,28.227272727272727,42.0,7.927840144115505
07/31/19,PM2.5,UG/M3,-0.2,12.109836065573777,42.0,5.9505389427548145
08/01/18,OZONE,PPB,1.0,30.016806722689076,51.0,10.596596186205916
08/01/18,PM2.5,UG/M3,0.0,4.837012987012984,12.4,2.697734496127249
08/01/19,OZONE,PPB,4.0,33.276595744680854,69.0,17.585676145395553
08/01/19,PM10,UG/M3,12.0,17.208333333333332,28.0,3.9670289689614964
08/01/19,PM2.5,UG/M3,-4.7,6.3889502762430945,26.6,4.846337620967271
08/02/18,OZONE,PPB,12.0,27.823529411764707,50.0,8.566437325670229
08/02/18,PM2.5,UG/M3,-1.8,5.904195804195807,13.0,2.8969598957263907
08/02/19,OZONE,PPB,0.0,34.71875,72.0,19.7935146874983
08/02/19,PM10,UG/M3,14.0,19.541666666666668,28.0,3.8218953489036056
08/02/19,PM2.5,UG/M3,-4.8,7.184210526315787,20.9,3.5769046294150675
08/03/18,OZONE,PPB,1.0,13.391304347826088,33.0,8.397676842670736
08/03/18,PM2.5,UG/M3,-4.7,4.790909090909093,12.3,2.783449807290497
08/03/19,OZONE,PPB,25.0,44.34375,66.0,9.878022522112833
08/03/19,PM10,UG/M3,13.0,15.416666666666666,20.0,1.8862584696941072
08/03/19,PM2.5,UG/M3,-2.1,5.149479166666667,12.8,2.2057990537517878
08/04/18,OZONE,PPB,1.0,17.208333333333332,50.0,13.411957435098593
08/04/18,PM2.5,UG/M3,-4.1,2.4063380281690145,20.3,3.041374614298779
08/04/19,OZONE,PPB,21.0,41.71875,66.0,9.816959680492786
08/04/19,PM10,UG/M3,10.0,13.291666666666666,16.0,1.9666605256597811
08/04/19,PM2.5,UG/M3,-3.2,4.591005291005291,18.7,3.2824928165035474
08/05/18,OZONE,PPB,1.0,29.495652173913044,84.0,20.532974726181923
08/05/18,PM2.5,UG/M3,0.9,8.769565217391305,15.5,2.5292048516968784
08/05/19,OZONE,PPB,14.0,34.61290322580645,65.0,13.781708307425747
08/05/19,PM10,UG/M3,12.0,16.375,37.0,4.71641444504099
08/05/19,PM2.5,UG/M3,-0.4,6.519371727748691,17.7,3.729708839071638
08/06/18,OZONE,PPB,2.0,40.63559322033898,96.0,26.020591863505587
08/06/18,PM2.5,UG/M3,12.6,17.92638888888888,25.9,2.961241142907668
08/06/19,OZONE,PPB,7.0,31.138297872340427,55.0,14.105288464367051
08/06/19,PM10,UG/M3,16.0,21.166666666666668,30.0,4.124862755731781
08/06/19,PM2.5,UG/M3,1.0,8.971204188481671,25.2,3.663526933834353
08/07/18,OZONE,PPB,10.0,38.108333333333334,79.0,17.121314954474386
08/07/18,PM2.5,UG/M3,-4.1,14.51631205673759,24.7,4.667740721674906
08/07/19,OZONE,PPB,11.0,37.43617021276596,53.0,9.842368923954853
08/07/19,PM10,UG/M3,14.0,20.875,33.0,6.045569703797836
08/07/19,PM2.5,UG/M3,-3.9,7.364062499999998,30.7,3.466928292689253
08/08/18,OZONE,PPB,0.0,36.168067226890756,86.0,24.158838550953465
08/08/18,PM2.5,UG/M3,-0.2,9.9268456375839,31.2,4.382144835710748
08/08/19,OZONE,PPB,9.0,39.0,72.0,15.9966029002356
08/08/19,PM10,UG/M3,14.0,17.625,24.0,2.856152778765901
08/08/19,PM2.5,UG/M3,-4.4,7.098924731182796,18.0,3.597566583683157
08/09/18,OZONE,PPB,4.0,36.469565217391306,58.0,12.58676674836421
08/09/18,PM2.5,UG/M3,-1.0,8.706547619047612,21.5,4.8216718828868705
08/09/19,OZONE,PPB,6.0,29.885416666666668,53.0,11.859590648537463
08/09/19,PM10,UG/M3,10.0,14.375,22.0,2.6508817236993956
08/09/19,PM2.5,UG/M3,-1.1,5.384042553191488,11.6,2.3229983939483234
08/10/18,OZONE,PPB,3.0,36.94166666666667,78.0,17.603616813881516
08/10/18,PM2.5,UG/M3,5.5,15.813855421686736,35.2,4.415165416119503
08/10/19,OZONE,PPB,8.0,25.3125,39.0,7.378935167795306
08/10/19,PM10,UG/M3,9.0,11.125,14.0,1.5411035007422438
08/10/19,PM2.5,UG/M3,-2.9,2.7811827956989257,10.6,2.14171456924933
08/11/18,OZONE,PPB,12.0,35.206896551724135,52.0,9.00870809768001
08/11/18,PM2.5,UG/M3,-1.4,11.370238095238095,32.6,6.8954429065218825
08/11/19,OZONE,PPB,2.0,21.4375,38.0,8.724813374568686
08/11/19,PM10,UG/M3,8.0,8.875,10.0,0.6796738348201514
08/11/19,PM2.5,UG/M3,-2.9,2.2452631578947364,8.9,1.8565068422306534
08/12/18,OZONE,PPB,2.0,34.30833333333333,58.0,12.781154610021197
08/12/18,PM2.5,UG/M3,-2.6,7.697023809523809,23.9,4.726969704393721
08/12/19,OZONE,PPB,1.0,25.98936170212766,59.0,18.918327394781812
08/12/19,PM10,UG/M3,11.0,13.666666666666666,21.0,2.389590954020422
08/12/19,PM2.5,UG/M3,-1.1,6.066847826086953,17.5,2.7327079503203193
08/13/18,OZONE,PPB,8.0,26.655172413793103,48.0,9.338190354691307
08/13/18,PM2.5,UG/M3,-3.4,5.280722891566267,29.1,4.961865676276637
08/13/19,OZONE,PPB,12.0,34.417582417582416,55.0,10.872049724015485
08/13/19,PM10,UG/M3,16.0,21.875,37.0,4.513867521316947
08/13/19,PM2.5,UG/M3,1.2,9.951041666666663,20.0,3.481529265950297
08/14/18,OZONE,PPB,0.0,21.00854700854701,65.0,19.49734541015853
08/14/18,PM2.5,UG/M3,-4.7,6.523170731707316,26.3,5.428267273292993
08/14/19,OZONE,PPB,0.0,30.5,58.0,16.540222107590367
08/14/19,PM10,UG/M3,20.0,28.208333333333332,84.0,12.53856370204119
08/14/19,PM2.5,UG/M3,5.8,14.562827225130885,32.0,4.191072010393943
08/15/18,OZONE,PPB,9.0,28.689075630252102,51.0,13.118590702497558
08/15/18,PM2.5,UG/M3,-4.7,10.424848484848487,28.1,7.210192701161237
08/15/19,OZONE,PPB,10.0,35.520833333333336,61.0,10.54212518939004
08/15/19,PM10,UG/M3,17.0,23.0,31.0,3.7658754867650863
08/15/19,PM2.5,UG/M3,-3.2,10.795767195767196,37.9,5.90753063117576
08/16/18,OZONE,PPB,2.0,40.49166666666667,71.0,18.25956447119895
08/16/18,PM2.5,UG/M3,11.2,23.58095238095239,38.4,6.535980126445286
08/16/19,OZONE,PPB,7.0,30.729166666666668,50.0,8.915367178631774
08/16/19,PM10,UG/M3,12.0,17.75,24.0,3.881393743399959
08/16/19,PM2.5,UG/M3,-4.3,4.715053763440864,13.0,2.955871709777242
08/17/18,OZONE,PPB,6.0,43.96666666666667,89.0,16.138545816287966
08/17/18,PM2.5,UG/M3,9.4,27.006569343065696,56.8,10.056269659649281
08/17/19,OZONE,PPB,11.0,30.0625,58.0,9.986108772742897
08/17/19,PM10,UG/M3,11.0,15.25,22.0,2.8475771547359185
08/17/19,PM2.5,UG/M3,-1.7,3.985416666666668,12.4,2.163450761447479
08/18/18,OZONE,PPB,8.0,31.87012987012987,61.0,13.282706058859763
08/18/18,PM2.5,UG/M3,-0.4,10.16760563380282,32.2,6.173278236489154
08/18/19,OZONE,PPB,6.0,29.052083333333332,69.0,14.479291776564118
08/18/19,PM10,UG/M3,14.0,21.208333333333332,33.0,4.7087260962255355
08/18/19,PM2.5,UG/M3,-0.3,7.123036649214662,15.3,3.120423924256257
08/19/18,OZONE,PPB,13.0,21.25,29.0,3.6416518102334736
08/19/18,PM2.5,UG/M3,-4.2,3.5013698630136996,12.8,2.963738871326637
08/19/19,OZONE,PPB,3.0,32.81521739130435,76.0,18.88829473441687
08/19/19,PM10,UG/M3,8.0,20.166666666666668,42.0,8.775790149816892
08/19/19,PM2.5,UG/M3,-3.1,6.397326203208561,20.1,5.105978291938829
08/20/18,OZONE,PPB,1.0,21.76923076923077,53.0,7.275647238221676
08/20/18,PM2.5,UG/M3,-1.1,4.580239520958085,26.3,4.163947957514179
08/20/19,OZONE,PPB,0.0,33.40625,75.0,19.72739379110869
08/20/19,PM10,UG/M3,12.0,19.583333333333332,28.0,4.510053182629328
08/20/19,PM2.5,UG/M3,-2.8,6.404712041884819,15.7,3.004317734232291
08/21/18,OZONE,PPB,3.0,22.905263157894737,38.0,8.982339272872624
08/21/18,PM2.5,UG/M3,-4.3,3.777639751552794,25.1,3.608271316629327
08/21/19,OZONE,PPB,17.0,41.114583333333336,65.0,11.43758328509606
08/21/19,PM10,UG/M3,16.0,24.208333333333332,47.0,7.229042673204696
08/21/19,PM2.5,UG/M3,-0.8,8.714583333333332,18.5,3.646226742673551
08/22/18,OZONE,PPB,12.0,31.274509803921568,48.0,10.361922737920581
08/22/18,PM2.5,UG/M3,-5.0,3.5948717948717936,71.2,6.96481289720943
08/22/19,OZONE,PPB,9.0,32.03125,67.0,18.65106353677
08/22/19,PM10,UG/M3,11.0,18.208333333333332,29.0,4.960532638535001
08/22/19,PM2.5,UG/M3,0.5,7.2363636363636346,13.3,2.409672184987138
08/23/18,OZONE,PPB,17.0,27.8135593220339,40.0,5.275243183185965
08/23/18,PM2.5,UG/M3,-3.5,8.160122699386502,18.5,4.179056244651779
08/23/19,OZONE,PPB,12.0,25.585106382978722,40.0,6.575303377387999
08/23/19,PM10,UG/M3,10.0,13.083333333333334,15.0,1.5580552724098262
08/23/19,PM2.5,UG/M3,-2.8,4.1636942675159245,13.3,2.2270525786293747
08/24/18,OZONE,PPB,0.0,26.141666666666666,77.0,20.628484766300737
08/24/18,PM2.5,UG/M3,0.1,10.369642857142859,21.5,4.047883440852406
08/24/19,OZONE,PPB,7.0,20.33684210526316,33.0,7.968836277885259
08/24/19,PM10,UG/M3,8.0,10.541666666666666,14.0,1.4738050920238275
08/24/19,PM2.5,UG/M3,-1.6,1.8818791946308726,9.1,1.9221347117651042
08/25/18,OZONE,PPB,0.0,33.325,59.0,14.339322734027167
08/25/18,PM2.5,UG/M3,-2.3,8.194444444444446,23.1,4.9087733600789845
08/25/19,OZONE,PPB,11.0,21.916666666666668,37.0,6.889605697474035
08/25/19,PM10,UG/M3,8.0,10.708333333333334,20.0,2.9705681884647657
08/25/19,PM2.5,UG/M3,-1.7,1.986363636363636,8.0,1.9103799088966833
08/26/18,OZONE,PPB,6.0,36.36363636363637,69.0,13.684335967657686
08/26/18,PM2.5,UG/M3,-0.6,6.11225806451613,57.1,5.902644526015668
08/26/19,OZONE,PPB,16.0,30.268817204301076,45.0,7.516850324649221
08/26/19,PM10,UG/M3,10.0,13.08695652173913,16.0,1.72976728540578
08/26/19,PM2.5,UG/M3,-3.1,1.935365853658536,8.6,2.0436267503577543
08/27/18,OZONE,PPB,5.0,37.97115384615385,79.0,17.719747489253265
08/27/18,PM2.5,UG/M3,7.6,15.915972222222216,31.3,4.546122042092649
08/27/19,OZONE,PPB,0.0,24.5,46.0,11.55125876029831
08/27/19,PM10,UG/M3,13.0,17.25,20.0,1.9392961520142797
08/27/19,PM2.5,UG/M3,-0.7,3.463350785340313,33.7,3.2615813532196976
08/28/18,OZONE,PPB,5.0,39.369369369369366,81.0,16.994078074396672
08/28/18,PM2.5,UG/M3,-3.6,25.766242038216554,45.6,8.193231682466958
08/28/19,OZONE,PPB,12.0,21.861702127659573,32.0,4.900298572930675
08/28/19,PM10,UG/M3,7.0,13.5,22.0,4.170288281141494
08/28/19,PM2.5,UG/M3,-0.8,3.0484042553191486,8.7,1.990336979068915
08/29/18,OZONE,PPB,10.0,41.46739130434783,65.0,15.28085139949833
08/29/18,PM2.5,UG/M3,5.3,26.354861111111095,68.1,11.88099398882068
08/29/19,OZONE,PPB,3.0,27.182795698924732,47.0,11.713932838030717
08/29/19,PM10,UG/M3,8.0,12.375,19.0,3.0476291569449305
08/29/19,PM2.5,UG/M3,-3.9,3.126063829787233,9.6,2.371355675393188
08/30/18,OZONE,PPB,17.0,37.95789473684211,54.0,9.097481285140551
08/30/18,PM2.5,UG/M3,-1.6,9.92866666666666,40.2,8.30910664535291
08/30/19,OZONE,PPB,1.0,30.229166666666668,75.0,22.342538689408578
08/30/19,PM10,UG/M3,9.0,17.625,26.0,5.240415682151477
08/30/19,PM2.5,UG/M3,0.5,6.33,14.7,2.5728527801977767
08/31/18,OZONE,PPB,11.0,23.92920353982301,37.0,5.289337006386551
08/31/18,PM2.5,UG/M3,-4.1,3.9915151515151552,14.9,3.2101668914256796
08/31/19,OZONE,PPB,13.0,38.072916666666664,58.0,8.622180444298014
08/31/19,PM10,UG/M3,10.0,14.875,23.0,4.730221982106124
08/31/19,PM2.5,UG/M3,-1.0,5.983769633507844,19.3,4.673621207239334
09/01/18,OZONE,PPB,20.0,30.482758620689655,48.0,7.403269264460068
09/01/18,PM2.5,UG/M3,-1.2,4.0934640522875805,8.9,2.080127564490822
09/01/19,OZONE,PPB,17.0,29.0,46.0,7.6102424057111495
09/01/19,PM10,UG/M3,8.0,10.958333333333334,14.0,1.9666605256597807
09/01/19,PM2.5,UG/M3,-2.1,2.8067708333333328,8.9,1.8703825488773287
09/02/18,OZONE,PPB,1.0,27.341666666666665,47.0,10.950995375758676
09/02/18,PM2.5,UG/M3,1.4,6.3409090909090935,20.1,2.6420336204924113
09/02/19,OZONE,PPB,17.0,26.510416666666668,38.0,5.017851902886157
09/02/19,PM10,UG/M3,11.0,14.291666666666666,24.0,2.8357832545289257
09/02/19,PM2.5,UG/M3,-4.2,2.7931937172774877,14.3,2.943182266144894
09/03/18,OZONE,PPB,15.0,32.198019801980195,67.0,14.890278574949628
09/03/18,PM2.5,UG/M3,3.2,9.357142857142854,19.6,3.3687463050951734
09/03/19,OZONE,PPB,6.0,28.568421052631578,54.0,14.840752283205424
09/03/19,PM10,UG/M3,10.0,15.541666666666666,24.0,3.6710283675507496
09/03/19,PM2.5,UG/M3,-0.7,5.937566137566137,35.7,3.492882794343013
09/04/18,OZONE,PPB,1.0,33.742574257425744,88.0,18.759346185486592
09/04/18,PM2.5,UG/M3,-0.8,7.633939393939392,23.6,4.181732879363923
09/04/19,OZONE,PPB,9.0,34.29347826086956,60.0,12.273027733480234
09/04/19,PM10,UG/M3,11.0,18.666666666666668,28.0,5.753385896614473
09/04/19,PM2.5,UG/M3,0.3,7.61263157894736,18.5,3.410464509480501
09/05/18,OZONE,PPB,4.0,37.242990654205606,69.0,14.986686621040368
09/05/18,PM2.5,UG/M3,-3.8,10.180952380952382,18.7,3.498946845503509
09/05/19,OZONE,PPB,11.0,26.43617021276596,40.0,7.353674395191907
09/05/19,PM10,UG/M3,7.0,12.791666666666666,20.0,3.5012937567439972
09/05/19,PM2.5,UG/M3,-4.0,2.9576086956521737,36.9,4.290521608287365
09/06/18,OZONE,PPB,12.0,35.8018018018018,72.0,16.649225927853948
09/06/18,PM2.5,UG/M3,1.8,12.752380952380944,26.1,5.0737194470781475
09/06/19,OZONE,PPB,10.0,22.552083333333332,36.0,5.1296245716050235
09/06/19,PM10,UG/M3,8.0,13.166666666666666,23.0,3.3188089359924278
09/06/19,PM2.5,UG/M3,-3.9,1.9268817204301076,8.5,2.19555520454499
09/07/18,OZONE,PPB,5.0,20.01904761904762,34.0,7.554902830384834
09/07/18,PM2.5,UG/M3,-3.8,5.479041916167663,17.8,2.8443525177481788
09/07/19,OZONE,PPB,21.0,27.979166666666668,38.0,5.131900574716145
09/07/19,PM10,UG/M3,5.0,8.541666666666666,10.0,1.5874279625330667
09/07/19,PM2.5,UG/M3,-3.6,1.8201058201058198,11.2,2.1452614752643044
09/08/18,OZONE,PPB,5.0,18.221153846153847,31.0,5.285915946510809
09/08/18,PM2.5,UG/M3,-1.4,4.927672955974841,14.5,2.961715888853843
09/08/19,OZONE,PPB,13.0,27.145833333333332,44.0,7.131810380138102
09/08/19,PM10,UG/M3,9.0,11.458333333333334,14.0,1.413572921994865
09/08/19,PM2.5,UG/M3,0.2,5.70625,13.0,2.0888290514742276
09/09/18,OZONE,PPB,8.0,14.594594594594595,21.0,3.204957285715062
09/09/18,PM2.5,UG/M3,-3.9,2.8523809523809533,12.8,2.4205446108856803
09/09/19,OZONE,PPB,4.0,23.19148936170213,47.0,11.263488063177764
09/09/19,PM10,UG/M3,6.0,12.5,23.0,3.8897859558860945
09/09/19,PM2.5,UG/M3,-3.9,4.445744680851062,21.9,3.256672784346488
09/10/18,OZONE,PPB,4.0,17.371134020618555,30.0,6.449030268880331
09/10/18,PM2.5,UG/M3,-4.8,1.2018633540372667,7.9,2.3337864097237304
09/10/19,OZONE,PPB,0.0,20.53684210526316,34.0,9.408925737757409
09/10/19,PM10,UG/M3,11.0,14.625,24.0,3.5608071874347473
09/10/19,PM2.5,UG/M3,-1.4,4.406842105263156,19.6,2.8778676568024486
09/11/18,OZONE,PPB,-2.0,11.377358490566039,28.0,8.395523558011003
09/11/18,PM2.5,UG/M3,-2.7,7.099999999999998,29.8,8.263483126033062
09/11/19,OZONE,PPB,10.0,33.572916666666664,74.0,17.03911586022718
09/11/19,PM10,UG/M3,10.0,19.541666666666668,33.0,8.102491118096989
09/11/19,PM2.5,UG/M3,-1.0,6.314659685863878,21.0,5.0543462031672775
09/12/18,OZONE,PPB,0.0,2.6021505376344085,21.0,4.6953718770773225
09/12/18,PM2.5,UG/M3,-3.8,9.803703703703704,28.3,5.5123119646057255
09/12/19,OZONE,PPB,4.0,29.419354838709676,46.0,10.911026115063168
09/12/19,PM10,UG/M3,11.0,22.708333333333332,37.0,6.721019375755092
09/12/19,PM2.5,UG/M3,1.7,11.10104166666666,20.3,4.285614431542628
09/13/19,OZONE,PPB,6.0,18.597826086956523,33.0,7.950478294560587
09/13/19,PM10,UG/M3,8.0,11.208333333333334,16.0,2.7501646854509363
09/13/19,PM2.5,UG/M3,-4.0,1.4054347826086957,10.2,2.2559630335708523
09/14/19,OZONE,PPB,1.0,22.757894736842104,36.0,8.504961992827484
09/14/19,PM10,UG/M3,15.0,23.166666666666668,32.0,5.677313101985041
09/14/19,PM2.5,UG/M3,-0.8,3.26878306878307,14.6,2.224699143066005
09/15/19,OZONE,PPB,0.0,26.395833333333332,59.0,14.991561954131441
09/15/19,PM10,UG/M3,9.0,17.5,30.0,6.884134248242554
09/15/19,PM2.5,UG/M3,-2.0,4.734042553191489,14.2,2.39808538565584
09/16/19,OZONE,PPB,1.0,20.914893617021278,42.0,11.98265733759759
09/16/19,PM10,UG/M3,12.0,15.333333333333334,25.0,3.0880789957606285
09/16/19,PM2.5,UG/M3,-0.4,7.742708333333332,14.3,2.537024055038979
09/17/19,OZONE,PPB,10.0,27.30851063829787,44.0,8.11612836846695
09/17/19,PM10,UG/M3,8.0,11.208333333333334,17.0,2.484371439474252
09/17/19,PM2.5,UG/M3,-3.5,2.8000000000000007,15.8,3.441877647321364
09/18/19,OZONE,PPB,2.0,20.626373626373628,36.0,9.880000395465975
09/18/19,PM10,UG/M3,9.0,12.363636363636363,16.0,1.528941574312877
09/18/19,PM2.5,UG/M3,-1.8,3.3821989528795786,14.0,2.504521675563484
09/19/19,OZONE,PPB,5.0,25.989583333333332,44.0,9.109272074062678
09/19/19,PM10,UG/M3,8.0,11.583333333333334,19.0,2.2634461349449206
09/19/19,PM2.5,UG/M3,-3.8,3.0489247311827956,15.6,2.765525984814165
09/20/19,OZONE,PPB,1.0,28.729166666666668,61.0,19.868239223055507
09/20/19,PM10,UG/M3,14.0,21.291666666666668,32.0,4.7500953461063755
09/20/19,PM2.5,UG/M3,-3.6,6.348958333333333,22.2,3.598734355520783
09/21/19,OZONE,PPB,4.0,38.96511627906977,74.0,18.147401482706982
09/21/19,PM10,UG/M3,16.0,22.375,31.0,3.5729965502118928
09/21/19,PM2.5,UG/M3,0.9,9.94893617021276,20.5,3.5088503740934347
09/22/19,OZONE,PPB,2.0,34.888888888888886,73.0,19.704546951884723
09/22/19,PM10,UG/M3,25.0,29.666666666666668,43.0,5.053338686854263
09/22/19,PM2.5,UG/M3,1.8,11.844270833333335,30.7,4.0039337318950015
09/23/19,OZONE,PPB,7.0,38.388888888888886,79.0,17.382649237751185
09/23/19,PM10,UG/M3,24.0,31.083333333333332,44.0,6.412736421045004
09/23/19,PM2.5,UG/M3,1.9,10.503645833333332,19.2,2.8615408362766526
09/24/19,OZONE,PPB,16.0,29.6,43.0,5.957336239668175
09/24/19,PM10,UG/M3,9.0,13.458333333333334,29.0,4.9867578268037445
09/24/19,PM2.5,UG/M3,-4.9,2.8796511627906978,15.3,3.63388759579703
09/25/19,OZONE,PPB,3.0,23.38888888888889,49.0,12.858444428244068
09/25/19,PM10,UG/M3,8.0,12.791666666666666,23.0,3.9118456298637425
09/25/19,PM2.5,UG/M3,-1.7,3.8511235955056153,14.1,2.8684773961473833
09/26/19,OZONE,PPB,1.0,24.16176470588235,52.0,14.509503107323226
09/26/19,PM10,UG/M3,11.0,24.083333333333332,33.0,6.439799258731099
09/26/19,PM2.5,UG/M3,-3.1,7.495287958115178,15.3,2.728355740775505
09/27/19,OZONE,PPB,1.0,23.694444444444443,48.0,11.773255546614289
09/27/19,PM10,UG/M3,11.0,15.833333333333334,26.0,4.269881035575936
09/27/19,PM2.5,UG/M3,0.0,5.232631578947369,15.6,2.7036499767686446
09/28/19,OZONE,PPB,19.0,35.89855072463768,51.0,7.21955051463861
09/28/19,PM10,UG/M3,11.0,17.166666666666668,26.0,4.931413649219679
09/28/19,PM2.5,UG/M3,-2.8,4.503703703703703,18.6,2.9149170706493184
09/29/19,OZONE,PPB,0.0,25.01388888888889,40.0,10.550339498650088
09/29/19,PM10,UG/M3,8.0,15.625,29.0,7.540110136434693
09/29/19,PM2.5,UG/M3,-4.8,5.238172043010755,15.5,4.450422985359884
09/30/19,OZONE,PPB,11.0,22.9875,37.0,5.898924488971042
09/30/19,PM10,UG/M3,8.0,12.958333333333334,19.0,3.519871127416909
09/30/19,PM2.5,UG/M3,-3.6,2.4588235294117635,11.3,2.2771574210632872
10/01/19,OZONE,PPB,12.0,26.81981981981982,59.0,10.349526294120649
10/01/19,PM10,UG/M3,12.0,20.375,35.0,7.400425957188282
10/01/19,PM2.5,UG/M3,-2.8,4.115500000000001,15.4,3.6012713765610878
10/02/19,OZONE,PPB,5.0,30.789915966386555,64.0,15.069260410349024
10/02/19,PM10,UG/M3,15.0,25.291666666666668,36.0,5.22934168827718
10/02/19,PM2.5,UG/M3,-4.6,9.633018867924527,47.2,5.328813241133903
10/03/19,OZONE,PPB,2.0,12.793103448275861,24.0,4.947581299952551
10/03/19,PM10,UG/M3,4.0,7.541666666666667,10.0,1.5030162910010298
10/03/19,PM2.5,UG/M3,-4.9,1.5106918238993707,37.5,3.9125179045971774
10/04/19,OZONE,PPB,1.0,14.767241379310345,30.0,9.029765039670972
10/04/19,PM10,UG/M3,6.0,7.833333333333333,9.0,0.9168313422570846
10/04/19,PM2.5,UG/M3,-4.1,1.6858757062146892,11.7,2.3343466689476333
10/05/19,OZONE,PPB,13.0,25.370689655172413,37.0,6.175027086599692
10/05/19,PM10,UG/M3,6.0,8.333333333333334,10.0,1.1293194051465607
10/05/19,PM2.5,UG/M3,-3.5,2.1044554455445548,20.3,2.89658057979041
10/06/19,OZONE,PPB,3.0,27.408333333333335,36.0,7.657034809430419
10/06/19,PM10,UG/M3,8.0,16.625,26.0,5.2404156821514745
10/06/19,PM2.5,UG/M3,-4.1,3.4636792452830187,12.4,2.2802784503916955
10/07/19,OZONE,PPB,13.0,28.94017094017094,39.0,5.939770398283139
10/07/19,PM10,UG/M3,14.0,19.333333333333332,27.0,3.447326206063838
10/07/19,PM2.5,UG/M3,-3.5,3.681690140845069,12.8,2.44032416609144
10/08/19,OZONE,PPB,2.0,22.859649122807017,41.0,7.275704743996514
10/08/19,PM10,UG/M3,3.0,8.25,15.0,3.781882015471578
10/08/19,PM2.5,UG/M3,-4.9,2.547087378640777,8.9,1.9077930710860198
10/09/19,OZONE,PPB,4.0,17.02020202020202,23.0,4.375207978682907
10/09/19,PM10,UG/M3,9.0,10.571428571428571,14.0,1.0281745265969475
10/09/19,PM2.5,UG/M3,-0.1,3.1685863874345546,7.4,1.295927869834476
10/10/19,OZONE,PPB,5.0,20.81081081081081,40.0,8.278684034108887
10/10/19,PM10,UG/M3,8.0,9.266666666666667,12.0,1.2798809468443688
10/10/19,PM2.5,UG/M3,-1.8,2.1724299065420563,7.6,1.5010596201772772
10/11/19,OZONE,PPB,8.0,28.905982905982906,38.0,5.47089935552885
10/11/19,PM10,UG/M3,11.0,12.666666666666666,15.0,1.632993161855452
10/11/19,PM2.5,UG/M3,-0.9,2.3315270935960593,10.2,1.6394550933084968
10/12/19,OZONE,PPB,2.0,25.025,34.0,6.65786007966044
10/12/19,PM10,UG/M3,6.0,10.333333333333334,26.0,4.949015419574726
10/12/19,PM2.5,UG/M3,-3.4,2.8121827411167524,15.3,2.801230379655464
10/13/19,OZONE,PPB,8.0,22.341666666666665,39.0,8.011017448503285
10/13/19,PM10,UG/M3,8.0,11.166666666666666,18.0,2.7133593275826398
10/13/19,PM2.5,UG/M3,-0.3,4.716315789473684,13.4,2.4216608724656004
10/14/19,OZONE,PPB,3.0,29.168067226890756,51.0,12.190799064292326
10/14/19,PM10,UG/M3,13.0,16.416666666666668,23.0,2.8117249334615355
10/14/19,PM2.5,UG/M3,0.1,5.345833333333332,14.6,2.5124367790922477
10/15/19,OZONE,PPB,0.0,22.102803738317757,36.0,10.294653841935087
10/15/19,PM10,UG/M3,9.0,16.045454545454547,28.0,4.423716092750989
10/15/19,PM2.5,UG/M3,0.4,5.9879781420765035,16.2,3.01145573931434
10/16/19,OZONE,PPB,1.0,26.794871794871796,54.0,14.575332528021008
10/16/19,PM10,UG/M3,14.0,23.666666666666668,37.0,7.59099390105124
10/16/19,PM2.5,UG/M3,-4.3,4.6070754716981135,11.0,2.4693182538560703
10/17/18,PM2.5,UG/M3,1.4,4.2125,8.8,2.5056721368013926
10/17/19,OZONE,PPB,11.0,25.06896551724138,49.0,9.599568955840208
10/17/19,PM10,UG/M3,2.0,7.833333333333333,18.0,3.7840243894179837
10/17/19,PM2.5,UG/M3,-3.8,1.626368159203981,10.7,2.0515241270287548
10/18/18,PM2.5,UG/M3,-1.6,1.604166666666666,8.7,2.207000554887869
10/18/19,OZONE,PPB,11.0,20.941666666666666,28.0,3.041162519134273
10/18/19,PM10,UG/M3,2.0,5.826086956521739,9.0,2.1458665109936246
10/18/19,PM2.5,UG/M3,-2.4,2.4019704433497537,10.7,1.807464188082654
10/19/18,OZONE,PPB,-3.0,13.580645161290322,33.0,11.427771836384377
10/19/18,PM2.5,UG/M3,-3.7,4.145217391304349,9.6,2.2687520133193275
10/19/19,OZONE,PPB,1.0,19.83050847457627,38.0,7.549613772592092
10/19/19,PM10,UG/M3,7.0,10.5,16.0,3.3100637062042226
10/19/19,PM2.5,UG/M3,-0.3,4.11891891891892,14.7,2.4329528755150776
10/20/18,OZONE,PPB,9.0,27.383333333333333,55.0,6.990008876220104
10/20/18,PM2.5,UG/M3,-0.8,4.273493975903617,14.2,2.3939613088870795
10/20/19,OZONE,PPB,0.0,9.625,39.0,10.249871899179027
10/20/19,PM10,UG/M3,10.0,19.625,31.0,5.0459841975316495
10/20/19,PM2.5,UG/M3,1.1,9.627083333333337,21.4,3.9720483899201637
10/21/18,OZONE,PPB,4.0,25.016666666666666,50.0,7.55593520768575
10/21/18,PM2.5,UG/M3,-3.3,3.31437125748503,14.9,2.9834740696021083
10/21/19,OZONE,PPB,2.0,27.232142857142858,48.0,10.174143293820457
10/21/19,PM10,UG/M3,9.0,12.125,35.0,5.067479435191322
10/21/19,PM2.5,UG/M3,-0.7,5.6643564356435645,16.4,2.73961482416039
10/22/18,OZONE,PPB,-2.0,14.982905982905983,29.0,7.933976376170798
10/22/18,PM2.5,UG/M3,-1.4,3.9397590361445785,16.7,2.3093454278693097
10/22/19,OZONE,PPB,0.0,14.11111111111111,32.0,8.931518944241287
10/22/19,PM10,UG/M3,9.0,16.041666666666668,37.0,7.709278242124404
10/22/19,PM2.5,UG/M3,-3.8,5.710849056603773,43.9,5.129269714734447
10/23/18,OZONE,PPB,-3.0,16.316239316239315,39.0,11.265334049755419
10/23/18,PM2.5,UG/M3,1.0,5.283536585365852,10.8,2.1590522073901135
10/23/19,OZONE,PPB,9.0,25.3781512605042,40.0,8.331064591705172
10/23/19,PM10,UG/M3,2.0,8.25,15.0,3.6742346141747673
10/23/19,PM2.5,UG/M3,-2.4,2.939800995024877,17.4,3.160903029230572
10/24/18,OZONE,PPB,8.0,21.792792792792792,33.0,5.951496552994987
10/24/18,PM2.5,UG/M3,-4.8,3.8926829268292673,12.2,2.490018379600774
10/24/19,OZONE,PPB,0.0,21.162393162393162,44.0,11.43644903967985
10/24/19,PM10,UG/M3,11.0,17.083333333333332,28.0,5.747715362129372
10/24/19,PM2.5,UG/M3,1.5,6.873488372093022,16.8,2.9391483315041778
10/25/18,OZONE,PPB,-3.0,16.718446601941746,31.0,9.111958825726141
10/25/18,PM2.5,UG/M3,-3.5,2.960122699386504,15.7,2.8481863381721872
10/25/19,OZONE,PPB,0.0,17.854700854700855,43.0,13.355397305742098
10/25/19,PM10,UG/M3,14.0,30.708333333333332,71.0,18.599857799051247
10/25/19,PM2.5,UG/M3,0.0,9.678604651162791,26.7,4.709992152996296
10/26/18,OZONE,PPB,-4.0,11.658119658119658,22.0,6.940836669682818
10/26/18,PM2.5,UG/M3,-2.8,4.0637583892617455,13.4,2.8925396763169315
10/26/19,OZONE,PPB,2.0,22.743589743589745,39.0,9.853367922514906
10/26/19,PM10,UG/M3,9.0,14.958333333333334,20.0,3.432316579432799
10/26/19,PM2.5,UG/M3,-0.5,6.673239436619724,16.1,3.080934574569385
10/27/18,OZONE,PPB,11.0,26.191666666666666,40.0,5.996211455638324
10/27/18,PM2.5,UG/M3,-4.1,0.4938356164383562,8.9,2.4508189370997733
10/27/19,OZONE,PPB,11.0,29.933333333333334,41.0,6.169501203342066
10/27/19,PM10,UG/M3,7.0,11.583333333333334,17.0,2.3759056244371077
10/27/19,PM2.5,UG/M3,-2.4,3.174056603773586,8.6,1.6829889222513144
10/28/18,OZONE,PPB,8.0,17.625,29.0,4.543094307006289
10/28/18,PM2.5,UG/M3,-3.9,2.808333333333332,12.5,2.3302852917439454
10/28/19,OZONE,PPB,4.0,17.692307692307693,32.0,7.041088202609242
10/28/19,PM10,UG/M3,5.0,7.875,12.0,2.112334377351069
10/28/19,PM2.5,UG/M3,0.1,3.860648148148148,11.8,2.061716951293841
10/29/18,OZONE,PPB,0.0,13.396396396396396,35.0,7.979837409233666
10/29/18,PM2.5,UG/M3,-3.5,4.901796407185627,19.0,2.7776316741671154
10/29/19,OZONE,PPB,1.0,21.308333333333334,32.0,4.976914493051741
10/29/19,PM10,UG/M3,4.0,7.5,12.0,2.395648228514071
10/29/19,PM2.5,UG/M3,-0.2,2.9887323943661963,10.1,1.863518883961098
10/30/18,OZONE,PPB,4.0,22.273504273504273,39.0,8.119393483828715
10/30/18,PM2.5,UG/M3,-1.2,4.124539877300616,10.5,2.0949996913444444
10/30/19,OZONE,PPB,0.0,13.634782608695652,28.0,7.828569400333321
10/30/19,PM10,UG/M3,4.0,7.625,12.0,1.9518664423304304
10/30/19,PM2.5,UG/M3,-1.0,3.70925925925926,13.1,2.04900597736139
10/31/18,OZONE,PPB,-4.0,15.134453781512605,47.0,15.787210211652775
10/31/18,PM2.5,UG/M3,0.2,9.364071856287428,28.1,5.631518675918175
10/31/19,OZONE,PPB,0.0,19.94871794871795,35.0,9.626513453645074
10/31/19,PM10,UG/M3,6.0,18.083333333333332,31.0,8.801762010685906
10/31/19,PM2.5,UG/M3,-1.4,4.042924528301886,9.9,2.405975368317393
11/01/18,OZONE,PPB,-3.0,17.458333333333332,36.0,9.955274631932504
11/01/18,PM2.5,UG/M3,4.9,13.688095238095245,43.2,4.8306631563169
11/01/19,OZONE,PPB,12.0,25.958333333333332,36.0,5.575148689780862
11/01/19,PM10,UG/M3,5.0,11.791666666666666,33.0,9.348234739972204
11/01/19,PM2.5,UG/M3,-1.3,3.377830188679243,17.3,2.448179323387785
11/02/18,OZONE,PPB,5.0,22.10924369747899,51.0,7.977500050158428
11/02/18,PM2.5,UG/M3,-0.2,7.404790419161674,16.2,3.497017806667363
11/02/19,OZONE,PPB,0.0,19.25423728813559,32.0,7.701910564033801
11/02/19,PM10,UG/M3,8.0,10.291666666666666,14.0,2.156469874317881
11/02/19,PM2.5,UG/M3,-1.0,3.550241545893718,10.3,1.749087817635107
11/03/18,OZONE,PPB,0.0,22.52542372881356,42.0,9.63585883354177
11/03/18,PM2.5,UG/M3,-3.6,3.1850299401197604,11.6,2.8043560939202834
11/03/19,OZONE,PPB,9.0,21.127118644067796,32.0,6.116457566703987
11/03/19,PM10,UG/M3,8.0,12.833333333333334,17.0,2.745219824359786
11/03/19,PM2.5,UG/M3,0.8,5.874537037037037,12.0,2.1560838246893352
11/04/18,OZONE,PPB,-3.0,15.141666666666667,32.0,9.448040865199314
11/04/18,PM2.5,UG/M3,0.5,4.263095238095236,11.7,2.0081140651516343
11/04/19,OZONE,PPB,0.0,16.955357142857142,36.0,11.498835344751848
11/04/19,PM10,UG/M3,9.0,12.782608695652174,22.0,3.9881246645410853
11/04/19,PM2.5,UG/M3,-3.0,5.564761904761904,19.8,3.1801411588055912
11/05/18,OZONE,PPB,-3.0,13.914529914529915,30.0,8.699556716384887
11/05/18,PM2.5,UG/M3,-1.1,5.277245508982036,12.5,2.4391554099853985
11/05/19,OZONE,PPB,0.0,17.46551724137931,35.0,9.741378381605614
11/05/19,PM10,UG/M3,10.0,18.0,27.0,5.816019855237922
11/05/19,PM2.5,UG/M3,-3.5,6.02990654205607,19.3,3.3832566180142614
11/06/18,OZONE,PPB,-2.0,7.831932773109243,23.0,6.718705645789543
11/06/18,PM2.5,UG/M3,-4.7,2.910240963855423,14.0,2.8245595959868672
11/06/19,OZONE,PPB,3.0,21.0,34.0,7.510776571426044
11/06/19,PM10,UG/M3,8.0,15.333333333333334,23.0,4.57466241725923
11/06/19,PM2.5,UG/M3,-4.0,6.29292452830189,32.0,3.434615665766436
11/07/18,OZONE,PPB,-2.0,13.575221238938052,31.0,9.11024277328087
11/07/18,PM2.5,UG/M3,-0.9,4.964534883720929,12.1,2.081067066021404
11/07/19,OZONE,PPB,0.0,11.67741935483871,33.0,7.9182800206404345
11/07/19,PM10,UG/M3,15.0,25.458333333333332,33.0,4.252663274647574
11/07/19,PM2.5,UG/M3,-1.9,7.223255813953488,15.4,2.7834320582759826
11/08/18,OZONE,PPB,-1.0,15.931623931623932,27.0,5.975130204506146
11/08/18,PM2.5,UG/M3,-1.2,5.842391304347826,11.8,2.3601997551680993
11/08/19,OZONE,PPB,10.0,22.270833333333332,31.0,4.397317762997343
11/08/19,PM10,UG/M3,3.0,6.5,14.0,2.395648228514071
11/08/19,PM2.5,UG/M3,-1.2,2.752884615384616,16.9,2.3562828636396724
11/09/18,OZONE,PPB,-4.0,10.31304347826087,24.0,7.171294161741896
11/09/18,PM2.5,UG/M3,-2.3,4.683750000000002,11.2,2.4497436010104865
11/09/19,OZONE,PPB,1.0,16.854166666666668,29.0,5.457933224923084
11/09/19,PM10,UG/M3,5.0,8.25,14.0,2.9080099276189606
11/09/19,PM2.5,UG/M3,-4.7,2.5784210526315796,10.4,1.773499106578834
11/10/18,OZONE,PPB,-2.0,19.241666666666667,33.0,8.918864751714972
11/10/18,PM2.5,UG/M3,-3.7,3.321084337349398,11.6,2.506133330777112
11/10/19,OZONE,PPB,3.0,15.354166666666666,33.0,6.833322635849565
11/10/19,PM10,UG/M3,9.0,13.708333333333334,21.0,4.4864934178493785
11/10/19,PM2.5,UG/M3,0.0,5.756249999999999,15.5,2.924864072556524
11/11/18,OZONE,PPB,4.0,18.8,31.0,7.283687310719491
11/11/18,PM2.5,UG/M3,-1.0,5.020238095238094,12.2,2.437814853580244
11/11/19,OZONE,PPB,0.0,6.833333333333333,26.0,7.027265196386919
11/11/19,PM10,UG/M3,22.0,35.416666666666664,57.0,10.680810369299119
11/11/19,PM2.5,UG/M3,-1.9,16.282291666666673,36.4,4.073422857789197
11/12/18,OZONE,PPB,-4.0,7.151260504201681,30.0,8.067132159511214
11/12/18,PM2.5,UG/M3,0.2,10.395833333333332,23.5,4.001935971122735
11/12/19,OZONE,PPB,6.0,20.835164835164836,33.0,6.595054942511829
11/12/19,PM10,UG/M3,7.0,19.375,30.0,6.3370031320532085
11/12/19,PM2.5,UG/M3,-2.7,7.0909090909090935,20.5,4.411339585189063
11/13/18,OZONE,PPB,-4.0,8.40677966101695,30.0,9.153241720025958
11/13/18,PM2.5,UG/M3,-2.4,6.730409356725144,24.9,3.7680560375383996
11/13/19,OZONE,PPB,16.0,27.293478260869566,34.0,3.8388930509542836
11/13/19,PM10,UG/M3,4.0,9.625,13.0,2.392242898820377
11/13/19,PM2.5,UG/M3,-4.0,3.624651162790702,14.2,2.264825867372516
11/14/18,OZONE,PPB,16.0,25.424778761061948,34.0,4.624865460851099
11/14/18,PM2.5,UG/M3,-4.5,5.270899470899471,13.4,3.5212047224333536
11/14/19,OZONE,PPB,0.0,12.416666666666666,29.0,8.742716266658677
11/14/19,PM10,UG/M3,9.0,18.565217391304348,42.0,9.23346722504864
11/14/19,PM2.5,UG/M3,-0.4,5.431018518518515,12.9,2.0956457360007827
11/15/18,OZONE,PPB,-3.0,18.558333333333334,31.0,7.9787489103035085
11/15/18,PM10,UG/M3,3.0,8.916666666666666,21.0,4.7632348039018035
11/15/18,PM2.5,UG/M3,-4.1,2.7027322404371588,10.1,2.6155795208918224
11/15/19,OZONE,PPB,0.0,11.489583333333334,29.0,7.056157880538651
11/15/19,PM10,UG/M3,14.0,27.416666666666668,41.0,9.212074621961097
11/15/19,PM2.5,UG/M3,1.6,9.752380952380948,20.9,3.480900593968463
11/16/18,OZONE,PPB,-1.0,23.01834862385321,37.0,8.313288839068477
11/16/18,PM10,UG/M3,4.0,7.25,11.0,1.8708286933869707
11/16/18,PM2.5,UG/M3,-4.9,2.7328859060402686,12.1,4.223573531031484
11/16/19,OZONE,PPB,5.0,26.666666666666668,36.0,6.897279446862795
11/16/19,PM10,UG/M3,7.0,12.458333333333334,27.0,5.258361181855102
11/16/19,PM2.5,UG/M3,-2.3,4.814832535885169,16.5,3.4956731628177176
11/17/18,OZONE,PPB,4.0,12.021052631578947,24.0,5.751926499412807
11/17/18,PM10,UG/M3,10.0,15.916666666666666,20.0,2.932822748711951
11/17/18,PM2.5,UG/M3,1.0,8.802395209580835,23.6,2.8762834138178075
11/17/19,OZONE,PPB,17.0,25.770833333333332,35.0,5.089678237512026
11/17/19,PM10,UG/M3,9.0,11.375,16.0,2.337082908614739
11/17/19,PM2.5,UG/M3,-2.4,3.5999999999999983,9.8,1.498278081432925
11/18/18,OZONE,PPB,8.0,17.885416666666668,28.0,5.682604650513273
11/18/18,PM10,UG/M3,6.0,9.416666666666666,14.0,2.8424830949237916
11/18/18,PM2.5,UG/M3,-1.4,5.006703910614525,26.5,3.126321702794938
11/18/19,OZONE,PPB,6.0,19.804347826086957,32.0,7.0947111247478984
11/18/19,PM10,UG/M3,8.0,12.25,16.0,2.307831656885254
11/18/19,PM2.5,UG/M3,-1.0,3.994258373205743,8.6,1.5023908990976922
11/19/18,OZONE,PPB,0.0,6.325842696629214,24.0,6.1952608003267615
11/19/18,PM10,UG/M3,12.0,25.708333333333332,42.0,9.94978333461574
11/19/18,PM2.5,UG/M3,3.1,12.269711538461546,33.2,4.63894414871948
11/19/19,OZONE,PPB,0.0,11.182795698924732,22.0,6.190712251919664
11/19/19,PM10,UG/M3,4.0,10.166666666666666,15.0,3.9083708010935423
11/19/19,PM2.5,UG/M3,0.0,5.66875,14.2,2.5102851259593137
11/20/18,OZONE,PPB,0.0,8.136842105263158,36.0,8.447095089646348
11/20/18,PM10,UG/M3,11.0,25.476190476190474,35.0,6.046644090890808
11/20/18,PM2.5,UG/M3,-0.4,11.465269461077847,22.4,4.526108040382861
11/20/19,OZONE,PPB,5.0,17.739583333333332,28.0,5.3138246542523735
11/20/19,PM10,UG/M3,9.0,12.5,19.0,2.750494026771254
11/20/19,PM2.5,UG/M3,-2.9,5.820833333333336,14.5,2.158092849472862
11/21/18,OZONE,PPB,4.0,17.104166666666668,27.0,4.882792916627397
11/21/18,PM10,UG/M3,8.0,15.583333333333334,26.0,5.911791214371398
11/21/18,PM2.5,UG/M3,0.0,6.435329341317366,21.2,3.1009535619371236
11/21/19,OZONE,PPB,0.0,17.6875,29.0,8.25043858483325
11/21/19,PM10,UG/M3,11.0,15.208333333333334,27.0,4.170071072970244
11/21/19,PM2.5,UG/M3,2.3,7.463775510204077,16.0,2.3554332239362714
11/22/18,OZONE,PPB,17.0,28.71875,34.0,2.7747095628001737
11/22/18,PM10,UG/M3,6.0,9.25,15.0,2.5917930674241387
11/22/18,PM2.5,UG/M3,-2.6,4.255952380952383,13.0,2.5884752032728393
11/22/19,OZONE,PPB,1.0,12.478260869565217,28.0,6.886007888065185
11/22/19,PM10,UG/M3,6.0,23.083333333333332,37.0,9.559500926879732
11/22/19,PM2.5,UG/M3,-1.0,9.009433962264152,19.7,3.7147720564843945
11/23/18,OZONE,PPB,3.0,16.04255319148936,28.0,6.700850361085253
11/23/18,PM10,UG/M3,7.0,11.791666666666666,19.0,3.9560538821963207
11/23/18,PM2.5,UG/M3,-0.5,4.726190476190476,10.2,1.8426496833953914
11/23/19,OZONE,PPB,3.0,19.322580645161292,32.0,6.292095265736176
11/23/19,PM10,UG/M3,7.0,10.291666666666666,18.0,3.6173394819309164
11/23/19,PM2.5,UG/M3,-0.6,4.276886792452831,15.1,2.0920258728147125
11/24/18,OZONE,PPB,0.0,6.385416666666667,39.0,7.885189036437292
11/24/18,PM10,UG/M3,13.0,17.875,31.0,4.721021444376299
11/24/18,PM2.5,UG/M3,1.3,7.86785714285714,17.0,3.0233288832602825
11/24/19,OZONE,PPB,0.0,16.09375,29.0,8.206644451777759
11/24/19,PM10,UG/M3,3.0,8.125,15.0,3.8820937873669465
11/24/19,PM2.5,UG/M3,-2.0,3.7962616822429918,14.1,2.886260970753479
11/25/18,OZONE,PPB,2.0,26.458333333333332,39.0,5.830801455549238
11/25/18,PM10,UG/M3,3.0,8.833333333333334,15.0,3.9854808958285686
11/25/18,PM2.5,UG/M3,-0.6,5.640476190476191,15.0,3.0312590632296255
11/25/19,OZONE,PPB,0.0,11.636363636363637,21.0,5.166607678228671
11/25/19,PM10,UG/M3,15.0,24.416666666666668,40.0,7.359800721939873
11/25/19,PM2.5,UG/M3,3.4,11.70287081339713,25.3,2.9702517679417952
11/26/18,OZONE,PPB,0.0,14.393617021276595,34.0,11.634411403761057
11/26/18,PM10,UG/M3,10.0,18.416666666666668,26.0,4.799607471872879
11/26/18,PM2.5,UG/M3,-2.1,9.308333333333328,19.4,5.281743686252246
11/26/19,OZONE,PPB,0.0,5.602150537634409,25.0,6.948787484074557
11/26/19,PM10,UG/M3,19.0,30.875,47.0,6.973942182526135
11/26/19,PM2.5,UG/M3,4.9,12.80046296296297,25.8,3.6069506245475833
11/27/18,OZONE,PPB,1.0,18.29032258064516,43.0,11.049867838242987
11/27/18,PM10,UG/M3,2.0,6.25,12.0,2.4182278815191345
11/27/18,PM2.5,UG/M3,-2.9,2.8776397515527936,12.8,2.117249842226924
11/27/19,OZONE,PPB,0.0,6.739583333333333,30.0,9.276166167761863
11/27/19,PM10,UG/M3,17.0,28.125,36.0,5.227955789706951
11/27/19,PM2.5,UG/M3,-2.7,12.260280373831774,26.9,5.319320963043679
11/28/18,OZONE,PPB,11.0,16.231578947368423,21.0,2.907995696311266
11/28/18,PM10,UG/M3,3.0,6.25,8.0,1.3909646324388165
11/28/18,PM2.5,UG/M3,-4.9,3.467073170731708,14.9,3.084736016110898
11/28/19,OZONE,PPB,15.0,18.489583333333332,26.0,2.8209546412020345
11/28/19,PM10,UG/M3,3.0,8.125,21.0,6.422193178143376
11/28/19,PM2.5,UG/M3,-2.7,4.520560747663552,17.7,3.900974678199586
11/29/18,OZONE,PPB,15.0,21.458333333333332,29.0,3.4363893740122866
11/29/18,PM10,UG/M3,2.0,5.291666666666667,8.0,2.3861769799640062
11/29/18,PM2.5,UG/M3,-2.0,4.276073619631904,15.1,2.594077641351837
11/29/19,OZONE,PPB,13.0,23.322916666666668,28.0,3.143898992842006
11/29/19,PM10,UG/M3,4.0,6.333333333333333,9.0,1.7610932046210155
11/29/19,PM2.5,UG/M3,-2.3,2.8106481481481476,6.7,1.5160314000234358
11/30/18,OZONE,PPB,0.0,10.08695652173913,22.0,6.873507308744468
11/30/18,PM10,UG/M3,8.0,13.833333333333334,28.0,6.748053933102341
11/30/18,PM2.5,UG/M3,-0.8,6.485029940119763,16.2,3.212993738580644
11/30/19,OZONE,PPB,3.0,19.617021276595743,32.0,5.537955802700191
11/30/19,PM10,UG/M3,6.0,7.875,13.0,1.8953604681821938
11/30/19,PM2.5,UG/M3,-2.5,3.349302325581393,13.2,1.9839277046162995
12/01/18,OZONE,PPB,0.0,6.595744680851064,28.0,7.6091613556463455
12/01/18,PM10,UG/M3,13.0,17.875,23.0,2.3090088217957137
12/01/18,PM2.5,UG/M3,2.4,9.735714285714282,18.2,3.0373382160761455
12/01/19,OZONE,PPB,4.0,19.166666666666668,34.0,5.420558655743047
12/01/19,PM10,UG/M3,8.0,11.25,16.0,2.2889146849069335
12/01/19,PM2.5,UG/M3,-0.8,4.767906976744186,10.0,2.080829900645026
12/02/18,OZONE,PPB,0.0,14.708333333333334,34.0,9.101667477841241
12/02/18,PM10,UG/M3,3.0,11.833333333333334,25.0,6.390663479650992
12/02/18,PM2.5,UG/M3,-1.8,7.050310559006206,44.3,6.71844591612899
12/02/19,OZONE,PPB,11.0,23.193548387096776,38.0,6.193015112619478
12/02/19,PM10,UG/M3,3.0,7.416666666666667,11.0,2.3390199855395895
12/02/19,PM2.5,UG/M3,-0.7,3.7748837209302333,11.0,1.755051949723734
12/03/18,OZONE,PPB,0.0,8.021978021978022,36.0,8.480013131512397
12/03/18,PM10,UG/M3,8.0,14.25,26.0,4.711226185815434
12/03/18,PM2.5,UG/M3,-2.7,7.521556886227546,27.6,4.246176448167618
12/03/19,OZONE,PPB,15.0,28.347826086956523,35.0,4.246355341196445
12/03/19,PM10,UG/M3,4.0,8.652173913043478,15.0,3.6382900035865235
12/03/19,PM2.5,UG/M3,-1.6,4.567632850241544,15.3,2.3709745037761163
12/04/18,OZONE,PPB,4.0,19.043478260869566,32.0,7.769923760326123
12/04/18,PM10,UG/M3,2.0,6.291666666666667,15.0,3.0994973879600245
12/04/18,PM2.5,UG/M3,-2.7,4.180120481927711,22.9,3.1142335966473413
12/04/19,OZONE,PPB,0.0,10.302083333333334,27.0,8.113821595105046
12/04/19,PM10,UG/M3,10.0,18.5,29.0,6.795138927459707
12/04/19,PM2.5,UG/M3,1.2,8.643981481481477,15.0,2.831773358364657
12/05/18,OZONE,PPB,6.0,19.33684210526316,31.0,5.091943002296257
12/05/18,PM10,UG/M3,6.0,12.083333333333334,47.0,9.431292348470533
12/05/18,PM2.5,UG/M3,-3.0,5.243030303030301,15.6,2.945960943940443
12/05/19,OZONE,PPB,1.0,13.052631578947368,31.0,11.408627214350263
12/05/19,PM10,UG/M3,9.0,15.666666666666666,26.0,4.9048925589142875
12/05/19,PM2.5,UG/M3,-1.2,7.951173708920187,15.8,3.289471631722835
12/06/18,OZONE,PPB,0.0,10.96808510638298,23.0,5.846517440855488
12/06/18,PM10,UG/M3,9.0,16.041666666666668,24.0,4.620174725348991
12/06/18,PM2.5,UG/M3,1.0,8.054761904761905,17.1,2.5729549061262666
12/06/19,OZONE,PPB,3.0,17.195652173913043,28.0,7.3577934019527484
12/06/19,PM10,UG/M3,8.0,14.875,25.0,6.879790820884778
12/06/19,PM2.5,UG/M3,-1.6,5.865887850467297,11.7,2.198592145893174
12/07/18,OZONE,PPB,2.0,14.91578947368421,27.0,7.652927624889896
12/07/18,PM10,UG/M3,8.0,14.375,23.0,4.915039032973408
12/07/18,PM2.5,UG/M3,-2.0,7.818072289156624,15.4,3.3512600824461765
12/07/19,OZONE,PPB,14.0,24.606382978723403,33.0,4.122370351401698
12/07/19,PM10,UG/M3,6.0,8.416666666666666,22.0,3.4378540660868873
12/07/19,PM2.5,UG/M3,-0.5,5.854205607476633,26.3,3.1089536115011516
12/08/18,OZONE,PPB,4.0,18.797752808988765,25.0,4.325347530127961
12/08/18,PM10,UG/M3,8.0,11.26086956521739,19.0,3.122024274909234
12/08/18,PM2.5,UG/M3,-1.1,6.7452830188679185,13.2,2.5611928123288576
12/08/19,OZONE,PPB,12.0,21.785714285714285,30.0,4.340653158370276
12/08/19,PM10,UG/M3,9.0,9.285714285714286,10.0,0.48795003647426677
12/08/19,PM2.5,UG/M3,1.0,6.4857142857142875,11.0,1.9213450549748992
12/09/18,OZONE,PPB,1.0,10.96875,25.0,4.808880217614952
12/09/18,PM10,UG/M3,13.0,15.833333333333334,21.0,2.581988897471611
12/09/18,PM2.5,UG/M3,1.0,8.027544910179644,21.0,2.833782109594469
12/10/18,OZONE,PPB,1.0,13.817204301075268,32.0,8.69025720908083
12/10/18,PM10,UG/M3,15.0,17.708333333333332,25.0,1.9219366742195598
12/10/18,PM2.5,UG/M3,4.8,9.723952095808379,18.0,2.3268006262501033
12/11/18,OZONE,PPB,0.0,8.538461538461538,22.0,6.211651582680357
12/11/18,PM10,UG/M3,13.0,23.208333333333332,40.0,7.282971005480299
12/11/18,PM2.5,UG/M3,1.6,10.019047619047623,24.6,3.3180860290116714
12/12/18,OZONE,PPB,2.0,12.5,24.0,5.38924447802807
12/12/18,PM10,UG/M3,20.0,27.375,34.0,3.4365364262139932
12/12/18,PM2.5,UG/M3,3.4,14.248538011695912,22.3,2.7698875900985422
12/13/18,OZONE,PPB,0.0,10.177083333333334,25.0,6.007004318060124
12/13/18,PM10,UG/M3,15.0,22.958333333333332,34.0,5.237649378728281
12/13/18,PM2.5,UG/M3,1.9,10.890270270270276,20.0,3.1448391872261943
12/14/18,OZONE,PPB,0.0,13.563829787234043,35.0,9.345873116772028
12/14/18,PM10,UG/M3,18.0,22.875,31.0,3.733660052991481
12/14/18,PM2.5,UG/M3,-2.6,8.456969696969695,15.9,3.518266345566297
12/15/18,OZONE,PPB,0.0,5.333333333333333,19.0,5.706260028142069
12/15/18,PM10,UG/M3,14.0,19.125,24.0,2.592841315421467
12/15/18,PM2.5,UG/M3,0.9,9.775,22.2,4.042939435786433
12/16/18,OZONE,PPB,9.0,23.791666666666668,42.0,6.393939016001863
12/16/18,PM10,UG/M3,9.0,12.583333333333334,18.0,2.7806265585243573
12/16/18,PM2.5,UG/M3,-0.4,7.115476190476187,19.4,3.573907237959247
12/17/18,OZONE,PPB,4.0,22.340425531914892,46.0,9.176352487686263
12/17/18,PM10,UG/M3,3.0,8.291666666666666,19.0,3.950554905069795
12/17/18,PM2.5,UG/M3,-0.4,5.59821428571429,12.8,2.7632635659026428
12/18/18,OZONE,PPB,18.0,27.15730337078652,32.0,3.085519244664187
12/18/18,PM10,UG/M3,5.0,7.916666666666667,11.0,1.8395809226599662
12/18/18,PM2.5,UG/M3,-1.6,5.351704545454544,12.9,2.682471662623712
12/19/18,OZONE,PPB,0.0,12.84375,26.0,8.022767766274862
12/19/18,PM10,UG/M3,7.0,15.458333333333334,29.0,7.884928753595391
12/19/18,PM2.5,UG/M3,0.5,8.0760736196319,16.2,3.203833243372197
12/20/18,OZONE,PPB,0.0,1.90625,26.0,4.365120423973373
12/20/18,PM10,UG/M3,18.0,30.5,55.0,12.169098426824362
12/20/18,PM2.5,UG/M3,6.3,14.844444444444447,33.5,5.738250723654498
12/21/18,OZONE,PPB,0.0,22.53191489361702,41.0,11.543002467779933
12/21/18,PM10,UG/M3,6.0,12.125,20.0,3.859629403250367
12/21/18,PM2.5,UG/M3,-1.6,4.732116788321169,14.2,3.1859741862846227
12/22/18,OZONE,PPB,7.0,22.666666666666668,39.0,8.723430839643031
12/22/18,PM10,UG/M3,3.0,16.833333333333332,43.0,13.382878960648277
12/22/18,PM2.5,UG/M3,-1.1,8.612587412587416,18.3,3.4095116979875115
12/23/18,OZONE,PPB,4.0,24.270833333333332,31.0,4.7004572379305865
12/23/18,PM10,UG/M3,5.0,7.75,12.0,2.288914684906934
12/23/18,PM2.5,UG/M3,-1.1,7.005555555555556,16.6,2.8773719987637363
12/24/18,OZONE,PPB,0.0,12.0,32.0,8.93812675509303
12/24/18,PM10,UG/M3,11.0,17.125,26.0,4.599740068270399
12/24/18,PM2.5,UG/M3,2.7,10.310596026490062,16.6,3.2436636142461057
12/25/18,OZONE,PPB,6.0,17.604166666666668,28.0,6.4571122218538255
12/25/18,PM10,UG/M3,6.0,9.25,15.0,2.4361409254588806
12/25/18,PM2.5,UG/M3,0.6,7.294047619047614,19.9,2.5904176802588976
12/26/18,OZONE,PPB,1.0,14.395833333333334,25.0,6.84332816331916
12/26/18,PM10,UG/M3,7.0,10.916666666666666,20.0,3.6225941541659212
12/26/18,PM2.5,UG/M3,1.0,9.035428571428573,17.2,3.0513425939438155
12/27/18,OZONE,PPB,0.0,10.806451612903226,24.0,6.865569523410669
12/27/18,PM10,UG/M3,12.0,19.291666666666668,26.0,3.7703553824732396
12/27/18,PM2.5,UG/M3,3.6,11.91927083333333,21.5,3.4546112274101106
12/28/18,OZONE,PPB,0.0,14.204301075268818,43.0,10.155914040367067
12/28/18,PM10,UG/M3,6.0,14.541666666666666,21.0,3.7645851629728555
12/28/18,PM2.5,UG/M3,-1.1,6.818674698795179,22.7,3.3052136119788855
12/29/18,OZONE,PPB,1.0,13.114583333333334,46.0,7.734910323933838
12/29/18,PM10,UG/M3,5.0,10.666666666666666,16.0,4.00723982492847
12/29/18,PM2.5,UG/M3,-1.8,7.115277777777779,16.7,2.6246630005308997
12/30/18,OZONE,PPB,1.0,15.104166666666666,26.0,6.313692999999731
12/30/18,PM10,UG/M3,5.0,8.5,14.0,3.078678429060953
12/30/18,PM2.5,UG/M3,-3.8,7.3722222222222245,20.0,3.657360514945983
12/31/18,OZONE,PPB,0.0,6.202127659574468,42.0,8.744374274120098
12/31/18,PM10,UG/M3,12.0,23.583333333333332,58.0,12.686578552246418
12/31/18,PM2.5,UG/M3,0.6,12.292361111111113,31.2,5.648900875343459
